seed,lam,split,theta,FR,TTDef,SupPct,F1
42,1e-05,val,0.05,0.0,0.0,4.647433757781982,0.8695652173913043
42,1e-05,val,0.1,0.0,0.0,4.647433757781982,1.0
42,1e-05,val,0.15,0.0,0.0,4.647433757781982,1.0
42,1e-05,val,0.2,0.0,0.0,4.647433757781982,1.0
42,1e-05,val,0.3,0.0,0.02951388888888889,4.647433757781982,1.0
42,1e-05,val,0.5,0.0,0.3211805555555556,4.647433757781982,1.0
42,1e-05,test,0.05,0.0,0.0,4.299360513687134,0.8664259927797834
42,1e-05,test,0.1,0.0,0.0,4.299360513687134,1.0
42,1e-05,test,0.15,0.0,0.0,4.299360513687134,1.0
42,1e-05,test,0.2,0.0,0.0026041666666666665,4.299360513687134,1.0
42,1e-05,test,0.3,0.0,0.03298611111111111,4.299360513687134,1.0
42,1e-05,test,0.5,0.0,0.33420138888888895,4.299360513687134,1.0
42,5e-05,val,0.05,0.0,0.0,48.54433536529541,0.8695652173913043
42,5e-05,val,0.1,0.0,0.0,48.54433536529541,1.0
42,5e-05,val,0.15,0.0,0.0,48.54433536529541,1.0
42,5e-05,val,0.2,0.0,0.0,48.54433536529541,1.0
42,5e-05,val,0.3,0.0,0.017361111111111112,48.54433536529541,1.0
42,5e-05,val,0.5,0.0,0.27170138888888895,48.54433536529541,1.0
42,5e-05,test,0.05,0.0,0.0,49.230360984802246,0.8664259927797834
42,5e-05,test,0.1,0.0,0.0,49.230360984802246,1.0
42,5e-05,test,0.15,0.0,0.0,49.230360984802246,1.0
42,5e-05,test,0.2,0.0,0.0,49.230360984802246,1.0
42,5e-05,test,0.3,0.0,0.013020833333333334,49.230360984802246,1.0
42,5e-05,test,0.5,0.0,0.2916666666666667,49.230360984802246,1.0
42,0.0001,val,0.05,0.0,0.0,61.03098392486572,0.8695652173913043
42,0.0001,val,0.1,0.0,0.0,61.03098392486572,1.0
42,0.0001,val,0.15,0.0,0.0008680555555555556,61.03098392486572,1.0
42,0.0001,val,0.2,0.0,0.0026041666666666665,61.03098392486572,1.0
42,0.0001,val,0.3,0.0,0.019097222222222224,61.03098392486572,1.0
42,0.0001,val,0.5,0.0,0.3203125,61.03098392486572,1.0
42,0.0001,test,0.05,0.0,0.0,61.44506335258484,0.8664259927797834
42,0.0001,test,0.1,0.0,0.0,61.44506335258484,1.0
42,0.0001,test,0.15,0.0,0.0008680555555555556,61.44506335258484,1.0
42,0.0001,test,0.2,0.0,0.0008680555555555556,61.44506335258484,1.0
42,0.0001,test,0.3,0.0,0.0234375,61.44506335258484,1.0
42,0.0001,test,0.5,0.0,0.3272569444444444,61.44506335258484,1.0
42,0.0005,val,0.05,0.0,0.0,78.48557829856873,0.8695652173913043
42,0.0005,val,0.1,0.0,0.0,78.48557829856873,1.0
42,0.0005,val,0.15,0.0,0.0,78.48557829856873,1.0
42,0.0005,val,0.2,0.0,0.0,78.48557829856873,1.0
42,0.0005,val,0.3,0.0,0.049479166666666664,78.48557829856873,1.0
42,0.0005,val,0.5,0.0,0.3072916666666667,78.48557829856873,1.0
42,0.0005,test,0.05,0.0,0.0,78.68896126747131,0.8664259927797834
42,0.0005,test,0.1,0.0,0.0017361111111111112,78.68896126747131,0.9917355371900827
42,0.0005,test,0.15,0.0,0.0017361111111111112,78.68896126747131,1.0
42,0.0005,test,0.2,0.0,0.0017361111111111112,78.68896126747131,1.0
42,0.0005,test,0.3,0.0,0.049479166666666664,78.68896126747131,1.0
42,0.0005,test,0.5,0.0,0.3151041666666667,78.68896126747131,1.0
42,0.001,val,0.05,0.0,0.0,84.18803215026855,0.8695652173913043
42,0.001,val,0.1,0.0,0.0,84.18803215026855,0.9836065573770492
42,0.001,val,0.15,0.0,0.0,84.18803215026855,1.0
42,0.001,val,0.2,0.0,0.004340277777777778,84.18803215026855,1.0
42,0.001,val,0.3,0.0,0.06944444444444445,84.18803215026855,1.0
42,0.001,val,0.5,0.0,0.3298611111111111,84.18803215026855,1.0
42,0.001,test,0.05,0.0,0.0,84.56740975379944,0.8664259927797834
42,0.001,test,0.1,0.0,0.0008680555555555556,84.56740975379944,0.9876543209876543
42,0.001,test,0.15,0.0,0.0034722222222222225,84.56740975379944,1.0
42,0.001,test,0.2,0.0,0.005208333333333333,84.56740975379944,1.0
42,0.001,test,0.3,0.0,0.06336805555555557,84.56740975379944,1.0
42,0.001,test,0.5,0.0,0.3532986111111111,84.56740975379944,1.0
42,0.005,val,0.05,0.0,0.0,93.36271286010742,0.8695652173913043
42,0.005,val,0.1,0.0,0.1701388888888889,93.36271286010742,0.975609756097561
42,0.005,val,0.15,0.0,0.1701388888888889,93.36271286010742,0.9795918367346939
42,0.005,val,0.2,0.0,0.1701388888888889,93.36271286010742,0.9917355371900827
42,0.005,val,0.3,0.0,0.24565972222222224,93.36271286010742,0.995850622406639
42,0.005,val,0.5,0.0,0.45138888888888895,93.36271286010742,0.995850622406639
42,0.005,test,0.05,0.0,0.0,93.4049904346466,0.8664259927797834
42,0.005,test,0.1,0.0,0.16927083333333334,93.4049904346466,0.9795918367346939
42,0.005,test,0.15,0.0,0.16927083333333334,93.4049904346466,0.9876543209876543
42,0.005,test,0.2,0.0,0.16927083333333334,93.4049904346466,0.9917355371900827
42,0.005,test,0.3,0.0,0.26909722222222227,93.4049904346466,0.9917355371900827
42,0.005,test,0.5,0.0,0.46875000000000006,93.4049904346466,0.995850622406639
43,1e-05,val,0.05,0.0,0.0,0.320512056350708,0.8695652173913043
43,1e-05,val,0.1,0.0,0.0,0.320512056350708,0.995850622406639
43,1e-05,val,0.15,0.0,0.0,0.320512056350708,1.0
43,1e-05,val,0.2,0.0,0.0,0.320512056350708,1.0
43,1e-05,val,0.3,0.0,0.02690972222222222,0.320512056350708,1.0
43,1e-05,val,0.5,0.0,0.31076388888888895,0.320512056350708,1.0
43,1e-05,test,0.05,0.0,0.0,0.39145350456237793,0.8664259927797834
43,1e-05,test,0.1,0.0,0.0,0.39145350456237793,0.9917355371900827
43,1e-05,test,0.15,0.0,0.0,0.39145350456237793,1.0
43,1e-05,test,0.2,0.0,0.0,0.39145350456237793,1.0
43,1e-05,test,0.3,0.0,0.02170138888888889,0.39145350456237793,1.0
43,1e-05,test,0.5,0.0,0.35590277777777785,0.39145350456237793,1.0
43,5e-05,val,0.05,0.0,0.0,49.078524112701416,0.8695652173913043
43,5e-05,val,0.1,0.0,0.0,49.078524112701416,0.995850622406639
43,5e-05,val,0.15,0.0,0.0017361111111111112,49.078524112701416,1.0
43,5e-05,val,0.2,0.0,0.005208333333333333,49.078524112701416,1.0
43,5e-05,val,0.3,0.0,0.049479166666666664,49.078524112701416,1.0
43,5e-05,val,0.5,0.008333333333333333,0.40808823529411764,49.078524112701416,0.99581589958159
43,5e-05,test,0.05,0.0,0.0,49.50239062309265,0.8664259927797834
43,5e-05,test,0.1,0.0,0.0,49.50239062309265,0.9917355371900827
43,5e-05,test,0.15,0.0,0.0008680555555555556,49.50239062309265,1.0
43,5e-05,test,0.2,0.0,0.0078125,49.50239062309265,1.0
43,5e-05,test,0.3,0.0,0.04600694444444445,49.50239062309265,1.0
43,5e-05,test,0.5,0.0,0.38107638888888895,49.50239062309265,1.0
43,0.0001,val,0.05,0.0,0.0,59.341609477996826,0.8695652173913043
43,0.0001,val,0.1,0.0,0.0,59.341609477996826,0.9795918367346939
43,0.0001,val,0.15,0.0,0.0,59.341609477996826,1.0
43,0.0001,val,0.2,0.0,0.0,59.341609477996826,1.0
43,0.0001,val,0.3,0.0,0.0017361111111111112,59.341609477996826,1.0
43,0.0001,val,0.5,0.0,0.19791666666666666,59.341609477996826,1.0
43,0.0001,test,0.05,0.0,0.0,59.534239768981934,0.8664259927797834
43,0.0001,test,0.1,0.0,0.0,59.534239768981934,1.0
43,0.0001,test,0.15,0.0,0.0,59.534239768981934,1.0
43,0.0001,test,0.2,0.0,0.0,59.534239768981934,1.0
43,0.0001,test,0.3,0.0,0.0017361111111111112,59.534239768981934,1.0
43,0.0001,test,0.5,0.0,0.22048611111111113,59.534239768981934,1.0
43,0.0005,val,0.05,0.0,0.0,79.05982732772827,0.8695652173913043
43,0.0005,val,0.1,0.0,0.0,79.05982732772827,0.9836065573770492
43,0.0005,val,0.15,0.0,0.0034722222222222225,79.05982732772827,1.0
43,0.0005,val,0.2,0.0,0.004340277777777778,79.05982732772827,1.0
43,0.0005,val,0.3,0.0,0.02777777777777778,79.05982732772827,1.0
43,0.0005,val,0.5,0.0,0.2612847222222222,79.05982732772827,1.0
43,0.0005,test,0.05,0.0,0.0,79.3657124042511,0.8664259927797834
43,0.0005,test,0.1,0.0,0.0,79.3657124042511,0.9917355371900827
43,0.0005,test,0.15,0.0,0.0026041666666666665,79.3657124042511,1.0
43,0.0005,test,0.2,0.0,0.00607638888888889,79.3657124042511,1.0
43,0.0005,test,0.3,0.0,0.03819444444444445,79.3657124042511,1.0
43,0.0005,test,0.5,0.008333333333333333,0.3783263305322129,79.3657124042511,0.99581589958159
43,0.001,val,0.05,0.0,0.0,85.16292572021484,0.8695652173913043
43,0.001,val,0.1,0.0,0.010416666666666666,85.16292572021484,0.9876543209876543
43,0.001,val,0.15,0.0,0.01388888888888889,85.16292572021484,1.0
43,0.001,val,0.2,0.0,0.01388888888888889,85.16292572021484,1.0
43,0.001,val,0.3,0.0,0.08159722222222224,85.16292572021484,1.0
43,0.001,val,0.5,0.008333333333333333,0.4290966386554621,85.16292572021484,0.99581589958159
43,0.001,test,0.05,0.0,0.0,85.25742888450623,0.8664259927797834
43,0.001,test,0.1,0.0,0.00954861111111111,85.25742888450623,0.9876543209876543
43,0.001,test,0.15,0.0,0.00954861111111111,85.25742888450623,0.995850622406639
43,0.001,test,0.2,0.0,0.013020833333333334,85.25742888450623,1.0
43,0.001,test,0.3,0.0,0.08159722222222224,85.25742888450623,1.0
43,0.001,test,0.5,0.0,0.4157986111111111,85.25742888450623,1.0
43,0.005,val,0.05,0.0,0.0,93.40277910232544,0.8695652173913043
43,0.005,val,0.1,0.0,0.0876736111111111,93.40277910232544,0.933852140077821
43,0.005,val,0.15,0.0,0.19791666666666666,93.40277910232544,0.9876543209876543
43,0.005,val,0.2,0.0,0.19791666666666666,93.40277910232544,0.995850622406639
43,0.005,val,0.3,0.0,0.2543402777777778,93.40277910232544,0.995850622406639
43,0.005,val,0.5,0.0,0.4227430555555556,93.40277910232544,0.995850622406639
43,0.005,test,0.05,0.0,0.0,93.61730217933655,0.8664259927797834
43,0.005,test,0.1,0.008333333333333333,0.1988795518207283,93.61730217933655,0.9302325581395349
43,0.005,test,0.15,0.008333333333333333,0.31092436974789917,93.61730217933655,0.9794238683127572
43,0.005,test,0.2,0.008333333333333333,0.31530112044817926,93.61730217933655,0.9794238683127572
43,0.005,test,0.3,0.008333333333333333,0.41684173669467783,93.61730217933655,0.9875518672199171
43,0.005,test,0.5,0.03333333333333333,0.7796336206896552,93.61730217933655,0.9830508474576272
44,1e-05,val,0.05,0.0,0.0,0.9548604488372803,0.8695652173913043
44,1e-05,val,0.1,0.0,0.0,0.9548604488372803,1.0
44,1e-05,val,0.15,0.0,0.0,0.9548604488372803,1.0
44,1e-05,val,0.2,0.0,0.0026041666666666665,0.9548604488372803,1.0
44,1e-05,val,0.3,0.008333333333333333,0.109593837535014,0.9548604488372803,0.99581589958159
44,1e-05,val,0.5,0.008333333333333333,0.37132352941176466,0.9548604488372803,0.99581589958159
44,1e-05,test,0.05,0.0,0.0,0.92887282371521,0.8664259927797834
44,1e-05,test,0.1,0.0,0.0,0.92887282371521,1.0
44,1e-05,test,0.15,0.0,0.0034722222222222225,0.92887282371521,1.0
44,1e-05,test,0.2,0.0,0.0078125,0.92887282371521,1.0
44,1e-05,test,0.3,0.0,0.036458333333333336,0.92887282371521,1.0
44,1e-05,test,0.5,0.008333333333333333,0.34593837535014005,0.92887282371521,0.99581589958159
44,5e-05,val,0.05,0.0,0.0,44.25080418586731,0.8695652173913043
44,5e-05,val,0.1,0.0,0.0,44.25080418586731,1.0
44,5e-05,val,0.15,0.0,0.0,44.25080418586731,1.0
44,5e-05,val,0.2,0.0,0.0017361111111111112,44.25080418586731,1.0
44,5e-05,val,0.3,0.0,0.03298611111111111,44.25080418586731,1.0
44,5e-05,val,0.5,0.0,0.3229166666666667,44.25080418586731,1.0
44,5e-05,test,0.05,0.0,0.0,44.04856562614441,0.8664259927797834
44,5e-05,test,0.1,0.0,0.0,44.04856562614441,1.0
44,5e-05,test,0.15,0.0,0.0017361111111111112,44.04856562614441,1.0
44,5e-05,test,0.2,0.0,0.0034722222222222225,44.04856562614441,1.0
44,5e-05,test,0.3,0.0,0.026041666666666668,44.04856562614441,1.0
44,5e-05,test,0.5,0.016666666666666666,0.4685734463276837,44.04856562614441,0.9915966386554622
44,0.0001,val,0.05,0.0,0.0,59.795671701431274,0.8695652173913043
44,0.0001,val,0.1,0.0,0.0,59.795671701431274,1.0
44,0.0001,val,0.15,0.0,0.0,59.795671701431274,1.0
44,0.0001,val,0.2,0.0,0.0,59.795671701431274,1.0
44,0.0001,val,0.3,0.0,0.020833333333333332,59.795671701431274,1.0
44,0.0001,val,0.5,0.0,0.2916666666666667,59.795671701431274,1.0
44,0.0001,test,0.05,0.0,0.0,59.46125388145447,0.8664259927797834
44,0.0001,test,0.1,0.0,0.0,59.46125388145447,1.0
44,0.0001,test,0.15,0.0,0.0,59.46125388145447,1.0
44,0.0001,test,0.2,0.0,0.0,59.46125388145447,1.0
44,0.0001,test,0.3,0.0,0.0078125,59.46125388145447,1.0
44,0.0001,test,0.5,0.0,0.2534722222222222,59.46125388145447,1.0
44,0.0005,val,0.05,0.0,0.0,79.73424196243286,0.8727272727272727
44,0.0005,val,0.1,0.0,0.0078125,79.73424196243286,1.0
44,0.0005,val,0.15,0.0,0.0078125,79.73424196243286,1.0
44,0.0005,val,0.2,0.0,0.009548611111111112,79.73424196243286,1.0
44,0.0005,val,0.3,0.0,0.052083333333333336,79.73424196243286,1.0
44,0.0005,val,0.5,0.0,0.3671875,79.73424196243286,1.0
44,0.0005,test,0.05,0.0,0.0,79.61120009422302,0.8727272727272727
44,0.0005,test,0.1,0.0,0.0078125,79.61120009422302,0.995850622406639
44,0.0005,test,0.15,0.0,0.0078125,79.61120009422302,1.0
44,0.0005,test,0.2,0.0,0.008680555555555556,79.61120009422302,1.0
44,0.0005,test,0.3,0.0,0.03211805555555556,79.61120009422302,1.0
44,0.0005,test,0.5,0.0,0.34201388888888895,79.61120009422302,1.0
44,0.001,val,0.05,0.0,0.0,85.57692170143127,0.8695652173913043
44,0.001,val,0.1,0.0,0.019097222222222224,85.57692170143127,1.0
44,0.001,val,0.15,0.0,0.01996527777777778,85.57692170143127,1.0
44,0.001,val,0.2,0.0,0.026041666666666668,85.57692170143127,1.0
44,0.001,val,0.3,0.0,0.08854166666666667,85.57692170143127,1.0
44,0.001,val,0.5,0.0,0.3984375,85.57692170143127,1.0
44,0.001,test,0.05,0.0,0.0,85.6488823890686,0.8664259927797834
44,0.001,test,0.1,0.0,0.013020833333333334,85.6488823890686,0.9836065573770492
44,0.001,test,0.15,0.0,0.013020833333333334,85.6488823890686,1.0
44,0.001,test,0.2,0.0,0.014756944444444446,85.6488823890686,1.0
44,0.001,test,0.3,0.0,0.04774305555555556,85.6488823890686,1.0
44,0.001,test,0.5,0.0,0.35763888888888895,85.6488823890686,1.0
44,0.005,val,0.05,0.0,0.0,93.46954822540283,0.8695652173913043
44,0.005,val,0.1,0.0,0.1267361111111111,93.46954822540283,0.9486166007905138
44,0.005,val,0.15,0.0,0.2934027777777778,93.46954822540283,0.9876543209876543
44,0.005,val,0.2,0.0,0.2994791666666667,93.46954822540283,0.9876543209876543
44,0.005,val,0.3,0.0,0.3411458333333333,93.46954822540283,1.0
44,0.005,val,0.5,0.008333333333333333,0.7573529411764706,93.46954822540283,0.99581589958159
44,0.005,test,0.05,0.0,0.0,93.51114630699158,0.8664259927797834
44,0.005,test,0.1,0.0,0.13020833333333334,93.51114630699158,0.9302325581395349
44,0.005,test,0.15,0.0,0.2960069444444445,93.51114630699158,0.9917355371900827
44,0.005,test,0.2,0.0,0.30034722222222227,93.51114630699158,0.9917355371900827
44,0.005,test,0.3,0.0,0.3411458333333333,93.51114630699158,1.0
44,0.005,test,0.5,0.016666666666666666,0.8022598870056497,93.51114630699158,0.9915966386554622
45,1e-05,val,0.05,0.0,0.0,5.53552508354187,0.8695652173913043
45,1e-05,val,0.1,0.0,0.0,5.53552508354187,1.0
45,1e-05,val,0.15,0.0,0.0,5.53552508354187,1.0
45,1e-05,val,0.2,0.0,0.0008680555555555556,5.53552508354187,1.0
45,1e-05,val,0.3,0.0,0.035590277777777776,5.53552508354187,1.0
45,1e-05,val,0.5,0.0,0.3125,5.53552508354187,1.0
45,1e-05,test,0.05,0.0,0.0,5.646228790283203,0.8695652173913043
45,1e-05,test,0.1,0.0,0.0017361111111111112,5.646228790283203,1.0
45,1e-05,test,0.15,0.0,0.0017361111111111112,5.646228790283203,1.0
45,1e-05,test,0.2,0.0,0.00607638888888889,5.646228790283203,1.0
45,1e-05,test,0.3,0.0,0.05381944444444445,5.646228790283203,1.0
45,1e-05,test,0.5,0.0,0.3289930555555555,5.646228790283203,1.0
45,5e-05,val,0.05,0.0,0.0,49.966615438461304,0.8695652173913043
45,5e-05,val,0.1,0.0,0.0,49.966615438461304,1.0
45,5e-05,val,0.15,0.0,0.0,49.966615438461304,1.0
45,5e-05,val,0.2,0.0,0.0026041666666666665,49.966615438461304,1.0
45,5e-05,val,0.3,0.0,0.03125,49.966615438461304,1.0
45,5e-05,val,0.5,0.0,0.3324652777777778,49.966615438461304,1.0
45,5e-05,test,0.05,0.0,0.0,50.43126344680786,0.8664259927797834
45,5e-05,test,0.1,0.0,0.0,50.43126344680786,1.0
45,5e-05,test,0.15,0.0,0.0,50.43126344680786,1.0
45,5e-05,test,0.2,0.0,0.0017361111111111112,50.43126344680786,1.0
45,5e-05,test,0.3,0.0,0.026041666666666668,50.43126344680786,1.0
45,5e-05,test,0.5,0.0,0.34722222222222227,50.43126344680786,1.0
45,0.0001,val,0.05,0.0,0.0,60.38328409194946,0.8695652173913043
45,0.0001,val,0.1,0.0,0.0,60.38328409194946,1.0
45,0.0001,val,0.15,0.0,0.0,60.38328409194946,1.0
45,0.0001,val,0.2,0.0,0.0,60.38328409194946,1.0
45,0.0001,val,0.3,0.0,0.025173611111111115,60.38328409194946,1.0
45,0.0001,val,0.5,0.0,0.2977430555555556,60.38328409194946,1.0
45,0.0001,test,0.05,0.0,0.0,60.93418598175049,0.8664259927797834
45,0.0001,test,0.1,0.0,0.0008680555555555556,60.93418598175049,1.0
45,0.0001,test,0.15,0.0,0.0017361111111111112,60.93418598175049,1.0
45,0.0001,test,0.2,0.0,0.005208333333333333,60.93418598175049,1.0
45,0.0001,test,0.3,0.0,0.036458333333333336,60.93418598175049,1.0
45,0.0001,test,0.5,0.0,0.3151041666666667,60.93418598175049,1.0
45,0.0005,val,0.05,0.0,0.0,79.1399598121643,0.8695652173913043
45,0.0005,val,0.1,0.0,0.0,79.1399598121643,1.0
45,0.0005,val,0.15,0.0,0.0,79.1399598121643,1.0
45,0.0005,val,0.2,0.0,0.0,79.1399598121643,1.0
45,0.0005,val,0.3,0.0,0.03298611111111111,79.1399598121643,1.0
45,0.0005,val,0.5,0.0,0.32378472222222227,79.1399598121643,1.0
45,0.0005,test,0.05,0.0,0.0,79.31263446807861,0.8664259927797834
45,0.0005,test,0.1,0.0,0.005208333333333333,79.31263446807861,1.0
45,0.0005,test,0.15,0.0,0.005208333333333333,79.31263446807861,1.0
45,0.0005,test,0.2,0.0,0.005208333333333333,79.31263446807861,1.0
45,0.0005,test,0.3,0.0,0.026041666666666668,79.31263446807861,1.0
45,0.0005,test,0.5,0.0,0.3272569444444445,79.31263446807861,1.0
45,0.001,val,0.05,0.0,0.0,84.7288966178894,0.8695652173913043
45,0.001,val,0.1,0.0,0.0017361111111111112,84.7288966178894,0.97165991902834
45,0.001,val,0.15,0.0,0.0017361111111111112,84.7288966178894,0.995850622406639
45,0.001,val,0.2,0.0,0.004340277777777778,84.7288966178894,1.0
45,0.001,val,0.3,0.0,0.026909722222222224,84.7288966178894,1.0
45,0.001,val,0.5,0.0,0.22916666666666666,84.7288966178894,1.0
45,0.001,test,0.05,0.0,0.0,84.74655151367188,0.8664259927797834
45,0.001,test,0.1,0.0,0.0078125,84.74655151367188,0.995850622406639
45,0.001,test,0.15,0.0,0.0078125,84.74655151367188,1.0
45,0.001,test,0.2,0.0,0.0078125,84.74655151367188,1.0
45,0.001,test,0.3,0.0,0.018229166666666668,84.74655151367188,1.0
45,0.001,test,0.5,0.0,0.23697916666666666,84.74655151367188,1.0
45,0.005,val,0.05,0.0,0.0,93.73664855957031,0.8695652173913043
45,0.005,val,0.1,0.0,0.1762152777777778,93.73664855957031,0.9448818897637795
45,0.005,val,0.15,0.0,0.2725694444444445,93.73664855957031,0.9917355371900827
45,0.005,val,0.2,0.0,0.2803819444444445,93.73664855957031,0.9917355371900827
45,0.005,val,0.3,0.0,0.3177083333333333,93.73664855957031,1.0
45,0.005,val,0.5,0.016666666666666666,0.79784604519774,93.73664855957031,0.9915966386554622
45,0.005,test,0.05,0.0,0.0,93.7566339969635,0.8664259927797834
45,0.005,test,0.1,0.008333333333333333,0.24789915966386555,93.7566339969635,0.967741935483871
45,0.005,test,0.15,0.008333333333333333,0.34593837535014005,93.7566339969635,0.99581589958159
45,0.005,test,0.2,0.008333333333333333,0.3581932773109244,93.7566339969635,0.99581589958159
45,0.005,test,0.3,0.008333333333333333,0.41334033613445376,93.7566339969635,0.99581589958159
45,0.005,test,0.5,0.03333333333333333,0.9834770114942528,93.7566339969635,0.9830508474576272
