tau_delta,tau_h,fr_val,ttdef_val,skip_pct,feasible,seed
0.015303,0.05,0.0,0.0165,34.25,True,42
0.015303,0.08,0.0,0.0165,34.6,True,42
0.015303,0.1,0.0,0.0165,36.11,True,42
0.015303,0.12,0.0,0.0165,38.06,True,42
0.015303,0.15,0.0,0.0174,39.54,True,42
0.015303,0.18,0.0,0.0174,40.45,True,42
0.015303,0.2,0.0,0.0174,40.89,True,42
0.015303,0.25,0.0,0.0174,41.79,True,42
0.015303,0.3,0.0,0.0217,42.8,False,42
0.015303,0.35,0.0,0.0234,43.61,False,42
0.015303,0.4,0.0,0.0234,44.09,False,42
0.015303,0.5,0.0,0.0234,45.03,False,42
0.015303,0.7,0.0,0.0234,47.26,False,42
0.016056,0.05,0.0,0.0165,35.49,True,42
0.016056,0.08,0.0,0.0165,35.89,True,42
0.016056,0.1,0.0,0.0165,37.43,True,42
0.016056,0.12,0.0,0.0165,39.5,True,42
0.016056,0.15,0.0,0.0182,41.09,False,42
0.016056,0.18,0.0,0.0182,42.01,False,42
0.016056,0.2,0.0,0.0182,42.45,False,42
0.016056,0.25,0.0,0.0182,43.45,False,42
0.016056,0.3,0.0,0.0226,44.53,False,42
0.016056,0.35,0.0,0.0243,45.35,False,42
0.016056,0.4,0.0,0.0243,45.84,False,42
0.016056,0.5,0.0,0.0252,46.88,False,42
0.016056,0.7,0.0,0.0252,49.09,False,42
0.016693,0.05,0.0,0.0165,36.85,True,42
0.016693,0.08,0.0,0.0165,37.27,True,42
0.016693,0.1,0.0,0.0165,38.86,True,42
0.016693,0.12,0.0,0.0165,41.1,True,42
0.016693,0.15,0.0,0.0182,42.71,False,42
0.016693,0.18,0.0,0.0182,43.66,False,42
0.016693,0.2,0.0,0.0182,44.12,False,42
0.016693,0.25,0.0,0.0182,45.18,False,42
0.016693,0.3,0.0,0.0243,46.3,False,42
0.016693,0.35,0.0,0.0304,47.18,False,42
0.016693,0.4,0.0,0.0304,47.68,False,42
0.016693,0.5,0.0,0.033,48.82,False,42
0.016693,0.7,0.0,0.033,51.0,False,42
0.017494,0.05,0.0,0.0165,38.07,True,42
0.017494,0.08,0.0,0.0165,38.52,True,42
0.017494,0.1,0.0,0.0165,40.2,True,42
0.017494,0.12,0.0,0.0165,42.5,True,42
0.017494,0.15,0.0,0.0182,44.22,False,42
0.017494,0.18,0.0,0.0182,45.22,False,42
0.017494,0.2,0.0,0.0182,45.7,False,42
0.017494,0.25,0.0,0.0182,46.79,False,42
0.017494,0.3,0.0,0.0243,47.97,False,42
0.017494,0.35,0.0,0.0304,48.82,False,42
0.017494,0.4,0.0,0.0304,49.33,False,42
0.017494,0.5,0.0,0.0365,50.58,False,42
0.017494,0.7,0.0,0.0365,52.89,False,42
0.018252,0.05,0.0,0.0165,39.33,True,42
0.018252,0.08,0.0,0.0165,39.8,True,42
0.018252,0.1,0.0,0.0165,41.64,True,42
0.018252,0.12,0.0,0.0174,44.08,True,42
0.018252,0.15,0.0,0.0191,45.83,False,42
0.018252,0.18,0.0,0.0191,46.83,False,42
0.018252,0.2,0.0,0.0191,47.37,False,42
0.018252,0.25,0.0,0.0191,48.54,False,42
0.018252,0.3,0.0,0.0252,49.75,False,42
0.018252,0.35,0.0,0.0312,50.61,False,42
0.018252,0.4,0.0,0.0321,51.16,False,42
0.018252,0.5,0.0,0.0382,52.42,False,42
0.018252,0.7,0.0,0.0382,54.73,False,42
0.019085,0.05,0.0,0.0165,40.62,True,42
0.019085,0.08,0.0,0.0165,41.1,True,42
0.019085,0.1,0.0,0.0165,43.03,True,42
0.019085,0.12,0.0,0.0174,45.49,True,42
0.019085,0.15,0.0,0.0191,47.32,False,42
0.019085,0.18,0.0,0.0191,48.39,False,42
0.019085,0.2,0.0,0.0191,48.99,False,42
0.019085,0.25,0.0,0.0191,50.25,False,42
0.019085,0.3,0.0,0.0252,51.48,False,42
0.019085,0.35,0.0,0.0312,52.34,False,42
0.019085,0.4,0.0,0.0321,52.89,False,42
0.019085,0.5,0.0,0.0391,54.18,False,42
0.019085,0.7,0.0,0.0391,56.6,False,42
0.019906,0.05,0.0,0.0191,41.93,False,42
0.019906,0.08,0.0,0.0191,42.38,False,42
0.019906,0.1,0.0,0.0226,44.42,False,42
0.019906,0.12,0.0,0.0234,46.97,False,42
0.019906,0.15,0.0,0.0252,48.89,False,42
0.019906,0.18,0.0,0.0252,50.01,False,42
0.019906,0.2,0.0,0.0252,50.61,False,42
0.019906,0.25,0.0,0.0252,51.92,False,42
0.019906,0.3,0.0,0.0312,53.19,False,42
0.019906,0.35,0.0,0.0399,54.09,False,42
0.019906,0.4,0.0,0.0408,54.67,False,42
0.019906,0.5,0.0,0.0469,56.01,False,42
0.019906,0.7,0.0,0.0469,58.61,False,42
0.020715,0.05,0.0,0.0191,43.29,False,42
0.020715,0.08,0.0,0.0191,43.77,False,42
0.020715,0.1,0.0,0.0226,45.93,False,42
0.020715,0.12,0.0,0.0234,48.6,False,42
0.020715,0.15,0.0,0.0252,50.51,False,42
0.020715,0.18,0.0,0.0252,51.72,False,42
0.020715,0.2,0.0,0.0252,52.33,False,42
0.020715,0.25,0.0,0.0252,53.67,False,42
0.020715,0.3,0.0,0.0312,54.95,False,42
0.020715,0.35,0.0,0.0408,55.9,False,42
0.020715,0.4,0.0,0.0417,56.48,False,42
0.020715,0.5,0.0,0.0477,57.87,False,42
0.020715,0.7,0.0,0.0477,60.52,False,42
0.021675,0.05,0.0,0.0226,44.58,False,42
0.021675,0.08,0.0,0.0226,45.09,False,42
0.021675,0.1,0.0,0.0226,47.33,False,42
0.021675,0.12,0.0,0.0234,50.27,False,42
0.021675,0.15,0.0,0.0252,52.16,False,42
0.021675,0.18,0.0,0.0252,53.42,False,42
0.021675,0.2,0.0,0.0252,54.02,False,42
0.021675,0.25,0.0,0.0269,55.46,False,42
0.021675,0.3,0.0,0.033,56.76,False,42
0.021675,0.35,0.0,0.0425,57.73,False,42
0.021675,0.4,0.0,0.0434,58.35,False,42
0.021675,0.5,0.0,0.0495,59.78,False,42
0.021675,0.7,0.0,0.0495,62.47,False,42
0.022622,0.05,0.0,0.026,45.79,False,42
0.022622,0.08,0.0,0.026,46.33,False,42
0.022622,0.1,0.0,0.026,48.66,False,42
0.022622,0.12,0.0,0.0269,51.72,False,42
0.022622,0.15,0.0,0.0286,53.65,False,42
0.022622,0.18,0.0,0.0286,54.95,False,42
0.022622,0.2,0.0,0.0286,55.6,False,42
0.022622,0.25,0.0,0.0304,57.16,False,42
0.022622,0.3,0.0,0.0365,58.46,False,42
0.022622,0.35,0.0,0.0469,59.43,False,42
0.022622,0.4,0.0,0.0477,60.09,False,42
0.022622,0.5,0.0,0.0538,61.51,False,42
0.022622,0.7,0.0,0.0538,64.28,False,42
0.023642,0.05,0.0,0.026,46.96,False,42
0.023642,0.08,0.0,0.0295,47.54,False,42
0.023642,0.1,0.0,0.0339,50.01,False,42
0.023642,0.12,0.0,0.0356,53.24,False,42
0.023642,0.15,0.0,0.0365,55.28,False,42
0.023642,0.18,0.0,0.0365,56.6,False,42
0.023642,0.2,0.0,0.0365,57.26,False,42
0.023642,0.25,0.0,0.0425,58.93,False,42
0.023642,0.3,0.0,0.0486,60.2,False,42
0.023642,0.35,0.0,0.059,61.16,False,42
0.023642,0.4,0.0,0.0599,61.82,False,42
0.023642,0.5,0.0,0.0625,63.27,False,42
0.023642,0.7,0.0,0.0625,66.24,False,42
0.024559,0.05,0.0,0.0295,48.26,False,42
0.024559,0.08,0.0,0.033,48.83,False,42
0.024559,0.1,0.0,0.0373,51.48,False,42
0.024559,0.12,0.0,0.0399,54.81,False,42
0.024559,0.15,0.0,0.0408,56.96,False,42
0.024559,0.18,0.0,0.0408,58.19,False,42
0.024559,0.2,0.0,0.0408,58.89,False,42
0.024559,0.25,0.0,0.0477,60.66,False,42
0.024559,0.3,0.0,0.0547,62.01,False,42
0.024559,0.35,0.0,0.0651,63.01,False,42
0.024559,0.4,0.0,0.066,63.66,False,42
0.024559,0.5,0.0,0.0677,65.15,False,42
0.024559,0.7,0.0,0.0677,68.19,False,42
0.025621,0.05,0.0,0.0295,49.58,False,42
0.025621,0.08,0.0,0.033,50.13,False,42
0.025621,0.1,0.0,0.0373,52.94,False,42
0.025621,0.12,0.0,0.0399,56.59,False,42
0.025621,0.15,0.0,0.0408,58.45,False,42
0.025621,0.18,0.0,0.0408,59.72,False,42
0.025621,0.2,0.0,0.0408,60.42,False,42
0.025621,0.25,0.0,0.0503,62.27,False,42
0.025621,0.3,0.0,0.0573,63.73,False,42
0.025621,0.35,0.0,0.0677,64.73,False,42
0.025621,0.4,0.0,0.0686,65.36,False,42
0.025621,0.5,0.0,0.0703,66.95,False,42
0.025621,0.7,0.0,0.0703,70.13,False,42
0.02678,0.05,0.0,0.0373,51.07,False,42
0.02678,0.08,0.0,0.0408,51.62,False,42
0.02678,0.1,0.0,0.046,54.51,False,42
0.02678,0.12,0.0,0.053,58.34,False,42
0.02678,0.15,0.0,0.0538,60.2,False,42
0.02678,0.18,0.0,0.0556,61.52,False,42
0.02678,0.2,0.0,0.0556,62.22,False,42
0.02678,0.25,0.0,0.0634,64.05,False,42
0.02678,0.3,0.0,0.0686,65.5,False,42
0.02678,0.35,0.0,0.079,66.51,False,42
0.02678,0.4,0.0,0.0799,67.18,False,42
0.02678,0.5,0.0,0.0825,68.82,False,42
0.02678,0.7,0.0,0.0825,72.02,False,42
0.028036,0.05,0.0,0.0417,52.35,False,42
0.028036,0.08,0.0,0.0451,52.9,False,42
0.028036,0.1,0.0,0.0538,55.92,False,42
0.028036,0.12,0.0,0.0608,59.99,False,42
0.028036,0.15,0.0,0.0616,61.97,False,42
0.028036,0.18,0.0,0.0616,63.27,False,42
0.028036,0.2,0.0,0.066,63.99,False,42
0.028036,0.25,0.0,0.0738,65.86,False,42
0.028036,0.3,0.0,0.0799,67.34,False,42
0.028036,0.35,0.0,0.0929,68.36,False,42
0.028036,0.4,0.0,0.0938,69.11,False,42
0.028036,0.5,0.0,0.0981,70.76,False,42
0.028036,0.7,0.0,0.0981,73.94,False,42
0.029346,0.05,0.0,0.0451,53.7,False,42
0.029346,0.08,0.0,0.0486,54.26,False,42
0.029346,0.1,0.0,0.0616,57.59,False,42
0.029346,0.12,0.0,0.072,61.63,False,42
0.029346,0.15,0.0,0.0755,63.66,False,42
0.029346,0.18,0.0,0.0755,65.01,False,42
0.029346,0.2,0.0,0.0807,65.86,False,42
0.029346,0.25,0.0,0.092,67.76,False,42
0.029346,0.3,0.0,0.0998,69.2,False,42
0.029346,0.35,0.0,0.1128,70.23,False,42
0.029346,0.4,0.0,0.1137,70.99,False,42
0.029346,0.5,0.0,0.1181,72.71,False,42
0.029346,0.7,0.0,0.1181,75.86,False,42
0.03081,0.05,0.0,0.0512,55.07,False,42
0.03081,0.08,0.0,0.0573,55.7,False,42
0.03081,0.1,0.0,0.0703,59.1,False,42
0.03081,0.12,0.0,0.0807,63.49,False,42
0.03081,0.15,0.0,0.0842,65.58,False,42
0.03081,0.18,0.0,0.0842,67.0,False,42
0.03081,0.2,0.0,0.0894,67.83,False,42
0.03081,0.25,0.0,0.0972,69.69,False,42
0.03081,0.3,0.0,0.1068,71.19,False,42
0.03081,0.35,0.0,0.1198,72.26,False,42
0.03081,0.4,0.0,0.125,73.13,False,42
0.03081,0.5,0.0,0.1224,74.8,False,42
0.03081,0.7,0.0,0.1198,77.94,False,42
0.032418,0.05,0.0,0.0599,56.38,False,42
0.032418,0.08,0.0,0.066,57.0,False,42
0.032418,0.1,0.0,0.079,60.67,False,42
0.032418,0.12,0.0,0.0894,65.23,False,42
0.032418,0.15,0.0,0.0955,67.29,False,42
0.032418,0.18,0.0,0.0955,68.86,False,42
0.032418,0.2,0.0,0.1007,69.76,False,42
0.032418,0.25,0.0,0.1102,71.66,False,42
0.032418,0.3,0.0,0.1207,73.22,False,42
0.032418,0.35,0.0,0.1337,74.38,False,42
0.032418,0.4,0.0,0.1389,75.17,False,42
0.032418,0.5,0.0,0.1441,76.89,False,42
0.032418,0.7,0.0,0.1398,80.02,False,42
0.034291,0.05,0.0,0.0773,57.81,False,42
0.034291,0.08,0.0,0.0833,58.44,False,42
0.034291,0.1,0.0,0.0964,62.31,False,42
0.034291,0.12,0.0,0.1163,67.18,False,42
0.034291,0.15,0.0,0.1267,69.25,False,42
0.034291,0.18,0.0,0.1267,70.79,False,42
0.034291,0.2,0.0,0.1337,71.77,False,42
0.034291,0.25,0.0,0.145,73.73,False,42
0.034291,0.3,0.0,0.151,75.12,False,42
0.034291,0.35,0.0,0.1701,76.3,False,42
0.034291,0.4,0.0,0.1727,77.06,False,42
0.034291,0.5,0.0,0.1684,78.81,False,42
0.034291,0.7,0.0,0.1545,81.98,False,42
0.036457,0.05,0.0,0.0981,59.4,False,42
0.036457,0.08,0.0,0.1042,60.04,False,42
0.036457,0.1,0.0,0.1172,63.96,False,42
0.036457,0.12,0.0,0.1372,69.08,False,42
0.036457,0.15,0.0,0.1519,71.15,False,42
0.036457,0.18,0.0,0.1519,72.67,False,42
0.036457,0.2,0.0,0.1545,73.66,False,42
0.036457,0.25,0.0,0.1658,75.74,False,42
0.036457,0.3,0.0,0.1727,77.08,False,42
0.036457,0.35,0.0,0.1997,78.29,False,42
0.036457,0.4,0.0,0.204,79.04,False,42
0.036457,0.5,0.0,0.2005,80.79,False,42
0.036457,0.7,0.0,0.1823,83.96,False,42
0.039061,0.05,0.0,0.1259,61.03,False,42
0.039061,0.08,0.0,0.138,61.71,False,42
0.039061,0.1,0.0,0.1554,66.07,False,42
0.039061,0.12,0.0,0.1745,71.29,False,42
0.039061,0.15,0.0,0.1892,73.35,False,42
0.039061,0.18,0.0,0.1892,74.95,False,42
0.039061,0.2,0.0,0.1918,75.91,False,42
0.039061,0.25,0.0,0.1988,77.98,False,42
0.039061,0.3,0.0,0.204,79.28,False,42
0.039061,0.35,0.0,0.2283,80.38,False,42
0.039061,0.4,0.0,0.2318,81.1,False,42
0.039061,0.5,0.0,0.2283,82.84,False,42
0.039061,0.7,0.0,0.2101,85.94,False,42
0.042537,0.05,0.0,0.1797,63.01,False,42
0.042537,0.08,0.0,0.197,63.72,False,42
0.042537,0.1,0.0,0.2214,68.11,False,42
0.042537,0.12,0.0,0.2448,73.62,False,42
0.042537,0.15,0.0,0.2509,75.38,False,42
0.042537,0.18,0.0,0.2509,77.26,False,42
0.042537,0.2,0.0,0.2587,78.16,False,42
0.042537,0.25,0.0,0.2656,80.19,False,42
0.042537,0.3,0.0,0.2726,81.48,False,42
0.042537,0.35,0.0,0.2821,82.46,False,42
0.042537,0.4,0.0,0.2856,83.25,False,42
0.042537,0.5,0.0,0.2821,85.08,False,42
0.042537,0.7,0.0,0.2665,88.18,False,42
0.046799,0.05,0.0083,0.3328,65.21,False,42
0.046799,0.08,0.0083,0.3503,65.93,False,42
0.046799,0.1,0.0083,0.3792,70.55,False,42
0.046799,0.12,0.0083,0.3993,75.95,False,42
0.046799,0.15,0.0083,0.4055,77.84,False,42
0.046799,0.18,0.0083,0.4072,79.63,False,42
0.046799,0.2,0.0083,0.4081,80.42,False,42
0.046799,0.25,0.0083,0.4212,82.45,False,42
0.046799,0.3,0.0083,0.4379,83.78,False,42
0.046799,0.35,0.0083,0.4431,84.68,False,42
0.046799,0.4,0.0083,0.4466,85.32,False,42
0.046799,0.5,0.0083,0.444,87.33,False,42
0.046799,0.7,0.0083,0.4282,90.28,False,42
0.015102,0.05,0.0,0.0234,28.95,True,43
0.015102,0.08,0.0,0.0234,29.37,True,43
0.015102,0.1,0.0,0.0234,29.59,True,43
0.015102,0.12,0.0,0.0243,29.87,True,43
0.015102,0.15,0.0,0.0252,30.96,True,43
0.015102,0.18,0.0,0.026,32.85,True,43
0.015102,0.2,0.0,0.026,33.35,True,43
0.015102,0.25,0.0,0.0295,34.38,False,43
0.015102,0.3,0.0,0.0304,35.64,False,43
0.015102,0.35,0.0,0.0321,36.32,False,43
0.015102,0.4,0.0,0.033,37.52,False,43
0.015102,0.5,0.0,0.0339,41.48,False,43
0.015102,0.7,0.0,0.0339,46.73,False,43
0.015852,0.05,0.0,0.0234,30.03,True,43
0.015852,0.08,0.0,0.0234,30.46,True,43
0.015852,0.1,0.0,0.0234,30.69,True,43
0.015852,0.12,0.0,0.0252,30.99,True,43
0.015852,0.15,0.0,0.026,32.08,True,43
0.015852,0.18,0.0,0.0269,34.15,True,43
0.015852,0.2,0.0,0.0269,34.72,True,43
0.015852,0.25,0.0,0.0304,35.76,False,43
0.015852,0.3,0.0,0.0321,37.11,False,43
0.015852,0.35,0.0,0.0339,37.81,False,43
0.015852,0.4,0.0,0.0356,39.07,False,43
0.015852,0.5,0.0,0.0365,43.18,False,43
0.015852,0.7,0.0,0.0365,48.63,False,43
0.016553,0.05,0.0,0.0234,31.12,True,43
0.016553,0.08,0.0,0.0234,31.59,True,43
0.016553,0.1,0.0,0.0234,31.82,True,43
0.016553,0.12,0.0,0.0252,32.13,True,43
0.016553,0.15,0.0,0.026,33.28,True,43
0.016553,0.18,0.0,0.0269,35.56,True,43
0.016553,0.2,0.0,0.0269,36.14,True,43
0.016553,0.25,0.0,0.0304,37.19,False,43
0.016553,0.3,0.0,0.0321,38.6,False,43
0.016553,0.35,0.0,0.0339,39.32,False,43
0.016553,0.4,0.0,0.0356,40.65,False,43
0.016553,0.5,0.0,0.0365,44.84,False,43
0.016553,0.7,0.0,0.0365,50.55,False,43
0.017291,0.05,0.0,0.0234,32.22,True,43
0.017291,0.08,0.0,0.0234,32.73,True,43
0.017291,0.1,0.0,0.0234,32.96,True,43
0.017291,0.12,0.0,0.0252,33.29,True,43
0.017291,0.15,0.0,0.026,34.54,True,43
0.017291,0.18,0.0,0.0269,36.95,True,43
0.017291,0.2,0.0,0.0269,37.52,True,43
0.017291,0.25,0.0,0.0304,38.58,False,43
0.017291,0.3,0.0,0.0321,40.04,False,43
0.017291,0.35,0.0,0.0356,40.81,False,43
0.017291,0.4,0.0,0.0373,42.22,False,43
0.017291,0.5,0.0,0.0382,46.58,False,43
0.017291,0.7,0.0,0.0382,52.52,False,43
0.018053,0.05,0.0,0.0234,33.29,True,43
0.018053,0.08,0.0,0.0234,33.81,True,43
0.018053,0.1,0.0,0.0234,34.05,True,43
0.018053,0.12,0.0,0.026,34.43,True,43
0.018053,0.15,0.0,0.0269,35.72,True,43
0.018053,0.18,0.0,0.0278,38.21,True,43
0.018053,0.2,0.0,0.0278,38.79,True,43
0.018053,0.25,0.0,0.0312,39.9,False,43
0.018053,0.3,0.0,0.0347,41.51,False,43
0.018053,0.35,0.0,0.0382,42.27,False,43
0.018053,0.4,0.0,0.0425,43.8,False,43
0.018053,0.5,0.0,0.0434,48.26,False,43
0.018053,0.7,0.0,0.0434,54.37,False,43
0.018894,0.05,0.0,0.0234,34.45,True,43
0.018894,0.08,0.0,0.0234,34.99,True,43
0.018894,0.1,0.0,0.0234,35.24,True,43
0.018894,0.12,0.0,0.026,35.66,True,43
0.018894,0.15,0.0,0.0269,36.99,True,43
0.018894,0.18,0.0,0.0278,39.58,True,43
0.018894,0.2,0.0,0.0278,40.19,True,43
0.018894,0.25,0.0,0.0312,41.37,False,43
0.018894,0.3,0.0,0.0347,43.03,False,43
0.018894,0.35,0.0,0.0391,43.82,False,43
0.018894,0.4,0.0,0.0434,45.41,False,43
0.018894,0.5,0.0,0.0443,49.99,False,43
0.018894,0.7,0.0,0.0443,56.22,False,43
0.019742,0.05,0.0,0.0234,35.55,True,43
0.019742,0.08,0.0,0.0234,36.09,True,43
0.019742,0.1,0.0,0.0234,36.33,True,43
0.019742,0.12,0.0,0.026,36.76,True,43
0.019742,0.15,0.0,0.0269,38.18,True,43
0.019742,0.18,0.0,0.0278,40.98,True,43
0.019742,0.2,0.0,0.0278,41.63,True,43
0.019742,0.25,0.0,0.0339,42.79,False,43
0.019742,0.3,0.0,0.0373,44.52,False,43
0.019742,0.35,0.0,0.0417,45.34,False,43
0.019742,0.4,0.0,0.046,47.0,False,43
0.019742,0.5,0.0,0.0469,51.68,False,43
0.019742,0.7,0.0,0.0469,58.11,False,43
0.020614,0.05,0.0,0.0234,36.65,True,43
0.020614,0.08,0.0,0.0234,37.2,True,43
0.020614,0.1,0.0,0.0234,37.45,True,43
0.020614,0.12,0.0,0.026,37.89,True,43
0.020614,0.15,0.0,0.0269,39.35,True,43
0.020614,0.18,0.0,0.0278,42.32,True,43
0.020614,0.2,0.0,0.0278,43.01,True,43
0.020614,0.25,0.0,0.0339,44.16,False,43
0.020614,0.3,0.0,0.0373,45.94,False,43
0.020614,0.35,0.0,0.0417,46.79,False,43
0.020614,0.4,0.0,0.046,48.56,False,43
0.020614,0.5,0.0,0.0486,53.38,False,43
0.020614,0.7,0.0,0.0486,60.01,False,43
0.021505,0.05,0.0,0.0234,37.73,True,43
0.021505,0.08,0.0,0.0234,38.29,True,43
0.021505,0.1,0.0,0.0234,38.56,True,43
0.021505,0.12,0.0,0.0286,39.06,False,43
0.021505,0.15,0.0,0.0312,40.57,False,43
0.021505,0.18,0.0,0.0312,43.7,False,43
0.021505,0.2,0.0,0.0312,44.41,False,43
0.021505,0.25,0.0,0.0347,45.56,False,43
0.021505,0.3,0.0,0.0408,47.44,False,43
0.021505,0.35,0.0,0.0451,48.31,False,43
0.021505,0.4,0.0,0.0495,50.1,False,43
0.021505,0.5,0.0,0.0521,55.02,False,43
0.021505,0.7,0.0,0.0521,61.89,False,43
0.022391,0.05,0.0,0.0234,38.77,True,43
0.022391,0.08,0.0,0.0234,39.36,True,43
0.022391,0.1,0.0,0.0234,39.62,True,43
0.022391,0.12,0.0,0.0286,40.14,False,43
0.022391,0.15,0.0,0.033,41.75,False,43
0.022391,0.18,0.0,0.033,45.04,False,43
0.022391,0.2,0.0,0.033,45.74,False,43
0.022391,0.25,0.0,0.0347,46.94,False,43
0.022391,0.3,0.0,0.0417,49.01,False,43
0.022391,0.35,0.0,0.046,49.95,False,43
0.022391,0.4,0.0,0.0503,51.79,False,43
0.022391,0.5,0.0,0.0538,56.78,False,43
0.022391,0.7,0.0,0.0538,63.82,False,43
0.023456,0.05,0.0,0.0234,39.91,True,43
0.023456,0.08,0.0,0.0234,40.56,True,43
0.023456,0.1,0.0,0.0234,40.85,True,43
0.023456,0.12,0.0,0.0295,41.4,False,43
0.023456,0.15,0.0,0.0339,43.14,False,43
0.023456,0.18,0.0,0.0347,46.57,False,43
0.023456,0.2,0.0,0.0347,47.36,False,43
0.023456,0.25,0.0,0.0365,48.59,False,43
0.023456,0.3,0.0,0.0434,50.63,False,43
0.023456,0.35,0.0,0.0503,51.6,False,43
0.023456,0.4,0.0,0.0547,53.48,False,43
0.023456,0.5,0.0,0.0582,58.53,False,43
0.023456,0.7,0.0,0.0582,65.74,False,43
0.024448,0.05,0.0,0.0234,41.09,True,43
0.024448,0.08,0.0,0.0252,41.85,True,43
0.024448,0.1,0.0,0.0252,42.07,True,43
0.024448,0.12,0.0,0.033,42.62,False,43
0.024448,0.15,0.0,0.0373,44.42,False,43
0.024448,0.18,0.0,0.0382,47.99,False,43
0.024448,0.2,0.0,0.0391,48.84,False,43
0.024448,0.25,0.0,0.046,50.15,False,43
0.024448,0.3,0.0,0.053,52.29,False,43
0.024448,0.35,0.0,0.0599,53.27,False,43
0.024448,0.4,0.0,0.066,55.24,False,43
0.024448,0.5,0.0,0.0694,60.46,False,43
0.024448,0.7,0.0,0.0694,67.79,False,43
0.025597,0.05,0.0,0.0234,42.05,True,43
0.025597,0.08,0.0,0.0269,42.84,True,43
0.025597,0.1,0.0,0.0269,43.06,True,43
0.025597,0.12,0.0,0.0356,43.66,False,43
0.025597,0.15,0.0,0.0469,45.59,False,43
0.025597,0.18,0.0,0.053,49.37,False,43
0.025597,0.2,0.0,0.0538,50.31,False,43
0.025597,0.25,0.0,0.0599,51.69,False,43
0.025597,0.3,0.0,0.0651,53.84,False,43
0.025597,0.35,0.0,0.072,54.89,False,43
0.025597,0.4,0.0,0.0781,56.86,False,43
0.025597,0.5,0.0,0.0833,62.18,False,43
0.025597,0.7,0.0,0.0833,69.84,False,43
0.026657,0.05,0.0,0.0252,43.1,True,43
0.026657,0.08,0.0,0.0313,43.94,False,43
0.026657,0.1,0.0,0.033,44.2,False,43
0.026657,0.12,0.0,0.0417,44.84,False,43
0.026657,0.15,0.0,0.0634,47.01,False,43
0.026657,0.18,0.0,0.0694,51.01,False,43
0.026657,0.2,0.0,0.0729,51.94,False,43
0.026657,0.25,0.0,0.0816,53.45,False,43
0.026657,0.3,0.0,0.0851,55.64,False,43
0.026657,0.35,0.0,0.0877,56.68,False,43
0.026657,0.4,0.0,0.0903,58.71,False,43
0.026657,0.5,0.0,0.0955,64.24,False,43
0.026657,0.7,0.0,0.0955,71.85,False,43
0.027771,0.05,0.0,0.0278,44.26,True,43
0.027771,0.08,0.0,0.0339,45.11,False,43
0.027771,0.1,0.0,0.0382,45.43,False,43
0.027771,0.12,0.0,0.0469,46.07,False,43
0.027771,0.15,0.0,0.0677,48.31,False,43
0.027771,0.18,0.0,0.0738,52.53,False,43
0.027771,0.2,0.0,0.0747,53.54,False,43
0.027771,0.25,0.0,0.0842,55.07,False,43
0.027771,0.3,0.0,0.0877,57.33,False,43
0.027771,0.35,0.0,0.0903,58.36,False,43
0.027771,0.4,0.0,0.0929,60.43,False,43
0.027771,0.5,0.0,0.0964,66.01,False,43
0.027771,0.7,0.0,0.0964,73.88,False,43
0.029071,0.05,0.0,0.0278,45.51,True,43
0.029071,0.08,0.0,0.0339,46.4,False,43
0.029071,0.1,0.0,0.0382,46.72,False,43
0.029071,0.12,0.0,0.0486,47.38,False,43
0.029071,0.15,0.0,0.0694,49.64,False,43
0.029071,0.18,0.0,0.0764,54.15,False,43
0.029071,0.2,0.0,0.0773,55.18,False,43
0.029071,0.25,0.0,0.0859,56.79,False,43
0.029071,0.3,0.0,0.0894,59.04,False,43
0.029071,0.35,0.0,0.092,60.04,False,43
0.029071,0.4,0.0,0.0946,62.26,False,43
0.029071,0.5,0.0,0.0981,68.02,False,43
0.029071,0.7,0.0,0.0981,75.83,False,43
0.030513,0.05,0.0,0.0295,46.61,False,43
0.030513,0.08,0.0,0.0356,47.51,False,43
0.030513,0.1,0.0,0.0425,47.86,False,43
0.030513,0.12,0.0,0.0582,48.58,False,43
0.030513,0.15,0.0,0.0851,51.04,False,43
0.030513,0.18,0.0,0.0885,55.85,False,43
0.030513,0.2,0.0,0.0894,57.12,False,43
0.030513,0.25,0.0,0.1007,58.75,False,43
0.030513,0.3,0.0,0.1042,61.48,False,43
0.030513,0.35,0.0,0.1094,62.79,False,43
0.030513,0.4,0.0,0.112,64.74,False,43
0.030513,0.5,0.0,0.1155,70.37,False,43
0.030513,0.7,0.0,0.1155,77.94,False,43
0.031974,0.05,0.0,0.0304,47.68,False,43
0.031974,0.08,0.0,0.0365,48.58,False,43
0.031974,0.1,0.0,0.0434,48.92,False,43
0.031974,0.12,0.0,0.0582,49.71,False,43
0.031974,0.15,0.0,0.0894,52.37,False,43
0.031974,0.18,0.0,0.0938,57.7,False,43
0.031974,0.2,0.0,0.0946,59.05,False,43
0.031974,0.25,0.0,0.1085,60.66,False,43
0.031974,0.3,0.0,0.1163,63.6,False,43
0.031974,0.35,0.0,0.1189,65.44,False,43
0.031974,0.4,0.0,0.1198,67.21,False,43
0.031974,0.5,0.0,0.1233,72.96,False,43
0.031974,0.7,0.0,0.1233,79.93,False,43
0.033894,0.05,0.0,0.0304,48.77,False,43
0.033894,0.08,0.0,0.0443,49.75,False,43
0.033894,0.1,0.0,0.0547,50.11,False,43
0.033894,0.12,0.0,0.0764,51.03,False,43
0.033894,0.15,0.0,0.1181,53.88,False,43
0.033894,0.18,0.0,0.1224,59.39,False,43
0.033894,0.2,0.0,0.1233,60.77,False,43
0.033894,0.25,0.0,0.1398,62.51,False,43
0.033894,0.3,0.0,0.1458,65.69,False,43
0.033894,0.35,0.0,0.1484,67.6,False,43
0.033894,0.4,0.0,0.1493,69.32,False,43
0.033894,0.5,0.0,0.1545,75.11,False,43
0.033894,0.7,0.0,0.1432,82.03,False,43
0.035989,0.05,0.0,0.0339,50.04,False,43
0.035989,0.08,0.0,0.0477,51.02,False,43
0.035989,0.1,0.0,0.0608,51.48,False,43
0.035989,0.12,0.0,0.0859,52.47,False,43
0.035989,0.15,0.0,0.1354,55.44,False,43
0.035989,0.18,0.0,0.1406,61.2,False,43
0.035989,0.2,0.0,0.1415,63.09,False,43
0.035989,0.25,0.0,0.1554,64.85,False,43
0.035989,0.3,0.0,0.1597,68.38,False,43
0.035989,0.35,0.0,0.1623,70.03,False,43
0.035989,0.4,0.0,0.1632,71.75,False,43
0.035989,0.5,0.0,0.1641,77.76,False,43
0.035989,0.7,0.0,0.1493,84.23,False,43
0.038662,0.05,0.0,0.0365,51.34,False,43
0.038662,0.08,0.0,0.0503,52.37,False,43
0.038662,0.1,0.0,0.0634,52.82,False,43
0.038662,0.12,0.0,0.0885,53.85,False,43
0.038662,0.15,0.0,0.1432,57.21,False,43
0.038662,0.18,0.0,0.1528,63.52,False,43
0.038662,0.2,0.0,0.1597,65.49,False,43
0.038662,0.25,0.0,0.1736,67.28,False,43
0.038662,0.3,0.0,0.1806,70.82,False,43
0.038662,0.35,0.0,0.1832,72.92,False,43
0.038662,0.4,0.0,0.184,74.26,False,43
0.038662,0.5,0.0,0.1849,79.94,False,43
0.038662,0.7,0.0,0.1701,86.33,False,43
0.041856,0.05,0.0,0.0842,53.57,False,43
0.041856,0.08,0.0,0.105,54.55,False,43
0.041856,0.1,0.0,0.1128,54.89,False,43
0.041856,0.12,0.0,0.151,56.01,False,43
0.041856,0.15,0.0,0.1962,59.31,False,43
0.041856,0.18,0.0,0.2014,65.97,False,43
0.041856,0.2,0.0,0.2127,68.18,False,43
0.041856,0.25,0.0,0.2248,70.18,False,43
0.041856,0.3,0.0,0.2266,73.78,False,43
0.041856,0.35,0.0,0.23,75.61,False,43
0.041856,0.4,0.0,0.2309,76.94,False,43
0.041856,0.5,0.0,0.2066,82.59,False,43
0.041856,0.7,0.0,0.1884,88.51,False,43
0.046248,0.05,0.0,0.1424,55.82,False,43
0.046248,0.08,0.0,0.1701,56.86,False,43
0.046248,0.1,0.0,0.178,57.14,False,43
0.046248,0.12,0.0,0.2387,58.41,False,43
0.046248,0.15,0.0,0.2786,61.67,False,43
0.046248,0.18,0.0,0.2821,68.76,False,43
0.046248,0.2,0.0,0.2865,70.75,False,43
0.046248,0.25,0.0,0.3047,72.76,False,43
0.046248,0.3,0.0,0.3064,76.79,False,43
0.046248,0.35,0.0,0.3151,78.8,False,43
0.046248,0.4,0.0,0.3177,80.08,False,43
0.046248,0.5,0.0,0.2769,85.2,False,43
0.046248,0.7,0.0,0.2587,90.63,False,43
0.015234,0.05,0.0,0.0382,28.59,True,44
0.015234,0.08,0.0,0.0382,28.61,True,44
0.015234,0.1,0.0,0.0417,29.23,True,44
0.015234,0.12,0.0,0.0417,29.53,True,44
0.015234,0.15,0.0,0.0417,29.83,True,44
0.015234,0.18,0.0,0.0417,30.05,True,44
0.015234,0.2,0.0,0.0434,30.15,True,44
0.015234,0.25,0.0,0.0495,30.36,False,44
0.015234,0.3,0.0,0.053,30.46,False,44
0.015234,0.35,0.0,0.0547,30.58,False,44
0.015234,0.4,0.0,0.0642,31.06,False,44
0.015234,0.5,0.0,0.0694,34.34,False,44
0.015234,0.7,0.0,0.0694,40.32,False,44
0.015925,0.05,0.0,0.0382,29.68,True,44
0.015925,0.08,0.0,0.0382,29.7,True,44
0.015925,0.1,0.0,0.0417,30.34,True,44
0.015925,0.12,0.0,0.0417,30.66,True,44
0.015925,0.15,0.0,0.0417,31.0,True,44
0.015925,0.18,0.0,0.0417,31.22,True,44
0.015925,0.2,0.0,0.0434,31.32,True,44
0.015925,0.25,0.0,0.0495,31.54,False,44
0.015925,0.3,0.0,0.053,31.65,False,44
0.015925,0.35,0.0,0.0547,31.77,False,44
0.015925,0.4,0.0,0.0642,32.26,False,44
0.015925,0.5,0.0,0.0694,35.64,False,44
0.015925,0.7,0.0,0.0694,41.95,False,44
0.016591,0.05,0.0,0.0382,30.68,True,44
0.016591,0.08,0.0,0.0382,30.7,True,44
0.016591,0.1,0.0,0.0417,31.37,True,44
0.016591,0.12,0.0,0.0417,31.7,True,44
0.016591,0.15,0.0,0.0417,32.08,True,44
0.016591,0.18,0.0,0.0425,32.31,True,44
0.016591,0.2,0.0,0.0443,32.43,True,44
0.016591,0.25,0.0,0.0503,32.66,False,44
0.016591,0.3,0.0,0.0538,32.77,False,44
0.016591,0.35,0.0,0.0556,32.89,False,44
0.016591,0.4,0.0,0.066,33.4,False,44
0.016591,0.5,0.0,0.0712,36.99,False,44
0.016591,0.7,0.0,0.0712,43.44,False,44
0.017363,0.05,0.0,0.0382,31.59,True,44
0.017363,0.08,0.0,0.0382,31.62,True,44
0.017363,0.1,0.0,0.0417,32.31,True,44
0.017363,0.12,0.0,0.0417,32.65,True,44
0.017363,0.15,0.0,0.0417,33.05,True,44
0.017363,0.18,0.0,0.0425,33.29,True,44
0.017363,0.2,0.0,0.0443,33.41,True,44
0.017363,0.25,0.0,0.0503,33.65,False,44
0.017363,0.3,0.0,0.0547,33.77,False,44
0.017363,0.35,0.0,0.059,33.91,False,44
0.017363,0.4,0.0,0.0694,34.44,False,44
0.017363,0.5,0.0,0.0747,38.24,False,44
0.017363,0.7,0.0,0.0747,45.07,False,44
0.018155,0.05,0.0,0.0382,32.73,True,44
0.018155,0.08,0.0,0.0382,32.77,True,44
0.018155,0.1,0.0,0.0417,33.51,True,44
0.018155,0.12,0.0,0.0417,33.87,True,44
0.018155,0.15,0.0,0.0417,34.26,True,44
0.018155,0.18,0.0,0.0425,34.53,True,44
0.018155,0.2,0.0,0.0443,34.66,True,44
0.018155,0.25,0.0,0.0503,34.9,False,44
0.018155,0.3,0.0,0.0547,35.0,False,44
0.018155,0.35,0.0,0.0608,35.16,False,44
0.018155,0.4,0.0,0.0712,35.7,False,44
0.018155,0.5,0.0,0.0781,39.7,False,44
0.018155,0.7,0.0,0.0781,46.85,False,44
0.018999,0.05,0.0,0.0382,33.95,True,44
0.018999,0.08,0.0,0.0382,33.99,True,44
0.018999,0.1,0.0,0.0417,34.77,True,44
0.018999,0.12,0.0,0.0417,35.14,True,44
0.018999,0.15,0.0,0.0417,35.53,True,44
0.018999,0.18,0.0,0.0434,35.81,True,44
0.018999,0.2,0.0,0.0451,35.96,True,44
0.018999,0.25,0.0,0.0512,36.19,False,44
0.018999,0.3,0.0,0.0556,36.3,False,44
0.018999,0.35,0.0,0.0616,36.45,False,44
0.018999,0.4,0.0,0.0738,37.04,False,44
0.018999,0.5,0.0,0.0799,41.25,False,44
0.018999,0.7,0.0,0.0799,48.62,False,44
0.019785,0.05,0.0,0.0382,34.96,True,44
0.019785,0.08,0.0,0.0382,35.0,True,44
0.019785,0.1,0.0,0.0417,35.8,True,44
0.019785,0.12,0.0,0.0417,36.19,True,44
0.019785,0.15,0.0,0.0417,36.63,True,44
0.019785,0.18,0.0,0.0434,36.92,True,44
0.019785,0.2,0.0,0.0451,37.05,True,44
0.019785,0.25,0.0,0.0521,37.31,False,44
0.019785,0.3,0.0,0.0564,37.42,False,44
0.019785,0.35,0.0,0.0625,37.58,False,44
0.019785,0.4,0.0,0.0747,38.23,False,44
0.019785,0.5,0.0,0.0825,42.67,False,44
0.019785,0.7,0.0,0.0825,50.33,False,44
0.020641,0.05,0.0,0.0382,36.08,True,44
0.020641,0.08,0.0,0.0382,36.12,True,44
0.020641,0.1,0.0,0.0434,37.01,True,44
0.020641,0.12,0.0,0.0434,37.39,True,44
0.020641,0.15,0.0,0.0434,37.85,True,44
0.020641,0.18,0.0,0.0434,38.11,True,44
0.020641,0.2,0.0,0.0451,38.24,True,44
0.020641,0.25,0.0,0.0521,38.47,False,44
0.020641,0.3,0.0,0.0564,38.56,False,44
0.020641,0.35,0.0,0.0634,38.72,False,44
0.020641,0.4,0.0,0.0755,39.38,False,44
0.020641,0.5,0.0,0.0851,43.99,False,44
0.020641,0.7,0.0,0.0851,51.96,False,44
0.021556,0.05,0.0,0.0382,37.2,True,44
0.021556,0.08,0.0,0.0382,37.24,True,44
0.021556,0.1,0.0,0.0434,38.15,True,44
0.021556,0.12,0.0,0.0434,38.56,True,44
0.021556,0.15,0.0,0.0434,39.04,True,44
0.021556,0.18,0.0,0.0434,39.33,True,44
0.021556,0.2,0.0,0.0451,39.46,True,44
0.021556,0.25,0.0,0.053,39.7,False,44
0.021556,0.3,0.0,0.0573,39.79,False,44
0.021556,0.35,0.0,0.0642,39.93,False,44
0.021556,0.4,0.0,0.0764,40.58,False,44
0.021556,0.5,0.0,0.0859,45.47,False,44
0.021556,0.7,0.0,0.0859,53.63,False,44
0.022496,0.05,0.0,0.0382,38.25,True,44
0.022496,0.08,0.0,0.0382,38.29,True,44
0.022496,0.1,0.0,0.0443,39.23,True,44
0.022496,0.12,0.0,0.0443,39.68,True,44
0.022496,0.15,0.0,0.0443,40.21,True,44
0.022496,0.18,0.0,0.0443,40.5,True,44
0.022496,0.2,0.0,0.046,40.61,False,44
0.022496,0.25,0.0,0.0547,40.85,False,44
0.022496,0.3,0.0,0.059,40.94,False,44
0.022496,0.35,0.0,0.066,41.08,False,44
0.022496,0.4,0.0,0.079,41.79,False,44
0.022496,0.5,0.0,0.0903,46.88,False,44
0.022496,0.7,0.0,0.0903,55.23,False,44
0.023503,0.05,0.0,0.0382,39.46,True,44
0.023503,0.08,0.0,0.0382,39.5,True,44
0.023503,0.1,0.0,0.0443,40.48,True,44
0.023503,0.12,0.0,0.0443,40.95,True,44
0.023503,0.15,0.0,0.0443,41.5,True,44
0.023503,0.18,0.0,0.0443,41.78,True,44
0.023503,0.2,0.0,0.0477,41.87,False,44
0.023503,0.25,0.0,0.0582,42.17,False,44
0.023503,0.3,0.0,0.0625,42.27,False,44
0.023503,0.35,0.0,0.0694,42.41,False,44
0.023503,0.4,0.0,0.0825,43.11,False,44
0.023503,0.5,0.0,0.0972,48.42,False,44
0.023503,0.7,0.0,0.0972,57.08,False,44
0.024445,0.05,0.0,0.0382,40.56,True,44
0.024445,0.08,0.0,0.0382,40.64,True,44
0.024445,0.1,0.0,0.0443,41.65,True,44
0.024445,0.12,0.0,0.0443,42.13,True,44
0.024445,0.15,0.0,0.0443,42.73,True,44
0.024445,0.18,0.0,0.0443,42.99,True,44
0.024445,0.2,0.0,0.0477,43.08,False,44
0.024445,0.25,0.0,0.0582,43.39,False,44
0.024445,0.3,0.0,0.0625,43.49,False,44
0.024445,0.35,0.0,0.0694,43.63,False,44
0.024445,0.4,0.0,0.0825,44.34,False,44
0.024445,0.5,0.0,0.0972,49.95,False,44
0.024445,0.7,0.0,0.0972,58.86,False,44
0.025589,0.05,0.0,0.0391,41.69,True,44
0.025589,0.08,0.0,0.0391,41.76,True,44
0.025589,0.1,0.0,0.0469,42.91,False,44
0.025589,0.12,0.0,0.0469,43.36,False,44
0.025589,0.15,0.0,0.0469,43.95,False,44
0.025589,0.18,0.0,0.0477,44.23,False,44
0.025589,0.2,0.0,0.0512,44.32,False,44
0.025589,0.25,0.0,0.0608,44.64,False,44
0.025589,0.3,0.0,0.0642,44.74,False,44
0.025589,0.35,0.0,0.072,44.89,False,44
0.025589,0.4,0.0,0.0851,45.62,False,44
0.025589,0.5,0.0,0.0998,51.61,False,44
0.025589,0.7,0.0,0.0998,60.66,False,44
0.026831,0.05,0.0,0.0391,42.75,True,44
0.026831,0.08,0.0,0.0391,42.8,True,44
0.026831,0.1,0.0,0.0469,43.96,False,44
0.026831,0.12,0.0,0.0469,44.43,False,44
0.026831,0.15,0.0,0.0469,45.03,False,44
0.026831,0.18,0.0,0.0477,45.31,False,44
0.026831,0.2,0.0,0.0512,45.41,False,44
0.026831,0.25,0.0,0.0625,45.76,False,44
0.026831,0.3,0.0,0.0712,45.92,False,44
0.026831,0.35,0.0,0.0799,46.08,False,44
0.026831,0.4,0.0,0.0964,46.86,False,44
0.026831,0.5,0.0,0.1137,53.24,False,44
0.026831,0.7,0.0,0.1137,62.64,False,44
0.028085,0.05,0.0,0.0391,43.96,True,44
0.028085,0.08,0.0,0.0391,44.01,True,44
0.028085,0.1,0.0,0.0469,45.2,False,44
0.028085,0.12,0.0,0.0486,45.72,False,44
0.028085,0.15,0.0,0.0495,46.35,False,44
0.028085,0.18,0.0,0.0503,46.62,False,44
0.028085,0.2,0.0,0.0538,46.72,False,44
0.028085,0.25,0.0,0.0651,47.06,False,44
0.028085,0.3,0.0,0.0781,47.22,False,44
0.028085,0.35,0.0,0.0868,47.39,False,44
0.028085,0.4,0.0,0.105,48.23,False,44
0.028085,0.5,0.0,0.1233,54.87,False,44
0.028085,0.7,0.0,0.1233,64.74,False,44
0.029534,0.05,0.0,0.0391,45.06,True,44
0.029534,0.08,0.0,0.0391,45.11,True,44
0.029534,0.1,0.0,0.0495,46.41,False,44
0.029534,0.12,0.0,0.0582,46.99,False,44
0.029534,0.15,0.0,0.059,47.64,False,44
0.029534,0.18,0.0,0.0634,47.97,False,44
0.029534,0.2,0.0,0.066,48.06,False,44
0.029534,0.25,0.0,0.0773,48.4,False,44
0.029534,0.3,0.0,0.0903,48.56,False,44
0.029534,0.35,0.0,0.099,48.71,False,44
0.029534,0.4,0.0,0.1181,49.5,False,44
0.029534,0.5,0.0,0.1293,56.72,False,44
0.029534,0.7,0.0,0.1293,66.83,False,44
0.031081,0.05,0.0,0.0391,45.91,True,44
0.031081,0.08,0.0,0.0391,45.95,True,44
0.031081,0.1,0.0,0.0547,47.41,False,44
0.031081,0.12,0.0,0.0634,48.0,False,44
0.031081,0.15,0.0,0.0747,48.8,False,44
0.031081,0.18,0.0,0.079,49.15,False,44
0.031081,0.2,0.0,0.0816,49.22,False,44
0.031081,0.25,0.0,0.0929,49.57,False,44
0.031081,0.3,0.0,0.1059,49.74,False,44
0.031081,0.35,0.0,0.1137,49.85,False,44
0.031081,0.4,0.0,0.1432,50.73,False,44
0.031081,0.5,0.0,0.1545,58.44,False,44
0.031081,0.7,0.0,0.1545,68.62,False,44
0.032689,0.05,0.0,0.0451,47.1,True,44
0.032689,0.08,0.0,0.0451,47.18,True,44
0.032689,0.1,0.0,0.066,48.76,False,44
0.032689,0.12,0.0,0.0747,49.36,False,44
0.032689,0.15,0.0,0.0911,50.22,False,44
0.032689,0.18,0.0,0.0972,50.52,False,44
0.032689,0.2,0.0,0.1016,50.61,False,44
0.032689,0.25,0.0,0.1146,50.9,False,44
0.032689,0.3,0.0,0.1233,51.03,False,44
0.032689,0.35,0.0,0.1311,51.14,False,44
0.032689,0.4,0.0,0.1649,52.08,False,44
0.032689,0.5,0.0,0.1753,60.58,False,44
0.032689,0.7,0.0,0.1745,70.83,False,44
0.034475,0.05,0.0,0.0486,48.34,False,44
0.034475,0.08,0.0,0.0486,48.41,False,44
0.034475,0.1,0.0,0.0842,50.21,False,44
0.034475,0.12,0.0,0.0859,50.75,False,44
0.034475,0.15,0.0,0.1059,51.65,False,44
0.034475,0.18,0.0,0.112,51.94,False,44
0.034475,0.2,0.0,0.1181,52.04,False,44
0.034475,0.25,0.0,0.1319,52.36,False,44
0.034475,0.3,0.0,0.1389,52.47,False,44
0.034475,0.35,0.0,0.1467,52.56,False,44
0.034475,0.4,0.0,0.1997,53.61,False,44
0.034475,0.5,0.0,0.2092,62.59,False,44
0.034475,0.7,0.0,0.2083,73.05,False,44
0.036605,0.05,0.0,0.0538,49.5,False,44
0.036605,0.08,0.0,0.0538,49.57,False,44
0.036605,0.1,0.0,0.0938,51.53,False,44
0.036605,0.12,0.0,0.0955,52.08,False,44
0.036605,0.15,0.0,0.1181,52.99,False,44
0.036605,0.18,0.0,0.1267,53.29,False,44
0.036605,0.2,0.0,0.1276,53.33,False,44
0.036605,0.25,0.0,0.1415,53.67,False,44
0.036605,0.3,0.0,0.1458,53.73,False,44
0.036605,0.35,0.0,0.1536,53.82,False,44
0.036605,0.4,0.0,0.2101,54.91,False,44
0.036605,0.5,0.0,0.2231,65.1,False,44
0.036605,0.7,0.0,0.2222,75.84,False,44
0.039318,0.05,0.0,0.0686,50.95,False,44
0.039318,0.08,0.0,0.0686,51.03,False,44
0.039318,0.1,0.0,0.1146,53.0,False,44
0.039318,0.12,0.0,0.1163,53.47,False,44
0.039318,0.15,0.0,0.1415,54.4,False,44
0.039318,0.18,0.0,0.1502,54.74,False,44
0.039318,0.2,0.0,0.151,54.78,False,44
0.039318,0.25,0.0,0.1649,55.08,False,44
0.039318,0.3,0.0,0.1701,55.14,False,44
0.039318,0.35,0.0,0.1806,55.24,False,44
0.039318,0.4,0.0,0.2569,56.5,False,44
0.039318,0.5,0.0,0.2656,67.18,False,44
0.039318,0.7,0.0,0.2656,78.23,False,44
0.042091,0.05,0.0,0.0998,53.04,False,44
0.042091,0.08,0.0,0.0998,53.11,False,44
0.042091,0.1,0.0,0.1623,54.99,False,44
0.042091,0.12,0.0,0.1649,55.45,False,44
0.042091,0.15,0.0,0.1962,56.34,False,44
0.042091,0.18,0.0,0.2049,56.64,False,44
0.042091,0.2,0.0,0.2066,56.67,False,44
0.042091,0.25,0.0,0.2283,57.01,False,44
0.042091,0.3,0.0,0.2335,57.06,False,44
0.042091,0.35,0.0,0.2457,57.16,False,44
0.042091,0.4,0.0,0.3238,58.39,False,44
0.042091,0.5,0.0,0.3377,69.2,False,44
0.042091,0.7,0.0,0.3377,81.49,False,44
0.046166,0.05,0.0,0.1476,55.24,False,44
0.046166,0.08,0.0,0.1476,55.24,False,44
0.046166,0.1,0.0,0.2509,57.37,False,44
0.046166,0.12,0.0,0.2509,57.68,False,44
0.046166,0.15,0.0,0.2986,58.54,False,44
0.046166,0.18,0.0,0.3012,58.75,False,44
0.046166,0.2,0.0,0.303,58.77,False,44
0.046166,0.25,0.0,0.3108,58.98,False,44
0.046166,0.3,0.0,0.322,59.07,False,44
0.046166,0.35,0.0,0.3533,59.31,False,44
0.046166,0.4,0.0,0.441,60.58,False,44
0.046166,0.5,0.0,0.4531,71.57,False,44
0.046166,0.7,0.0,0.4184,84.28,False,44
0.015638,0.05,0.0,0.1936,34.93,True,45
0.015638,0.08,0.0,0.1936,36.2,True,45
0.015638,0.1,0.0,0.1945,36.65,True,45
0.015638,0.12,0.0,0.1963,37.21,True,45
0.015638,0.15,0.0,0.198,37.77,True,45
0.015638,0.18,0.0,0.2225,38.59,True,45
0.015638,0.2,0.0,0.2278,39.12,True,45
0.015638,0.25,0.0,0.2313,40.22,True,45
0.015638,0.3,0.0,0.2365,41.27,False,45
0.015638,0.35,0.0,0.247,43.08,False,45
0.015638,0.4,0.0,0.2488,43.82,False,45
0.015638,0.5,0.0,0.1953,44.66,True,45
0.015638,0.7,0.0,0.1797,46.01,True,45
0.016302,0.05,0.0,0.1936,36.18,True,45
0.016302,0.08,0.0,0.1936,37.51,True,45
0.016302,0.1,0.0,0.1963,37.99,True,45
0.016302,0.12,0.0,0.1963,38.58,True,45
0.016302,0.15,0.0,0.198,39.18,True,45
0.016302,0.18,0.0,0.2234,40.02,True,45
0.016302,0.2,0.0,0.2286,40.6,True,45
0.016302,0.25,0.0,0.2321,41.8,True,45
0.016302,0.3,0.0,0.2391,42.89,False,45
0.016302,0.35,0.0,0.2505,44.78,False,45
0.016302,0.4,0.0,0.2523,45.55,False,45
0.016302,0.5,0.0,0.1988,46.41,True,45
0.016302,0.7,0.0,0.1832,47.82,True,45
0.016981,0.05,0.0,0.1936,37.56,True,45
0.016981,0.08,0.0,0.1963,38.98,True,45
0.016981,0.1,0.0,0.1971,39.46,True,45
0.016981,0.12,0.0,0.198,40.08,True,45
0.016981,0.15,0.0,0.2006,40.71,True,45
0.016981,0.18,0.0,0.226,41.59,True,45
0.016981,0.2,0.0,0.2313,42.2,True,45
0.016981,0.25,0.0,0.2348,43.44,False,45
0.016981,0.3,0.0,0.2435,44.57,False,45
0.016981,0.35,0.0,0.2549,46.61,False,45
0.016981,0.4,0.0,0.2567,47.38,False,45
0.016981,0.5,0.0,0.2031,48.28,True,45
0.016981,0.7,0.0,0.1875,49.75,True,45
0.017801,0.05,0.0,0.1936,39.04,True,45
0.017801,0.08,0.0,0.1963,40.52,True,45
0.017801,0.1,0.0,0.1971,41.0,True,45
0.017801,0.12,0.0,0.198,41.65,True,45
0.017801,0.15,0.0,0.2006,42.26,True,45
0.017801,0.18,0.0,0.226,43.19,True,45
0.017801,0.2,0.0,0.2313,43.78,True,45
0.017801,0.25,0.0,0.2348,45.03,False,45
0.017801,0.3,0.0,0.2435,46.21,False,45
0.017801,0.35,0.0,0.2549,48.29,False,45
0.017801,0.4,0.0,0.2567,49.16,False,45
0.017801,0.5,0.0,0.2031,50.02,True,45
0.017801,0.7,0.0,0.1875,51.57,True,45
0.018573,0.05,0.0,0.1936,40.48,True,45
0.018573,0.08,0.0,0.1963,42.03,True,45
0.018573,0.1,0.0,0.1971,42.59,True,45
0.018573,0.12,0.0,0.198,43.23,True,45
0.018573,0.15,0.0,0.2006,43.86,True,45
0.018573,0.18,0.0,0.226,44.84,True,45
0.018573,0.2,0.0,0.2313,45.42,True,45
0.018573,0.25,0.0,0.2356,46.79,False,45
0.018573,0.3,0.0,0.2444,48.03,False,45
0.018573,0.35,0.0,0.2558,50.13,False,45
0.018573,0.4,0.0,0.2567,51.03,False,45
0.018573,0.5,0.0,0.2031,51.92,True,45
0.018573,0.7,0.0,0.1875,53.45,True,45
0.019239,0.05,0.0,0.1936,41.85,True,45
0.019239,0.08,0.0,0.1963,43.45,True,45
0.019239,0.1,0.0,0.1971,44.02,True,45
0.019239,0.12,0.0,0.1998,44.74,True,45
0.019239,0.15,0.0,0.2024,45.39,True,45
0.019239,0.18,0.0,0.2278,46.37,True,45
0.019239,0.2,0.0,0.233,46.97,False,45
0.019239,0.25,0.0,0.2374,48.44,False,45
0.019239,0.3,0.0,0.2461,49.72,False,45
0.019239,0.35,0.0,0.2575,51.86,False,45
0.019239,0.4,0.0,0.2584,52.74,False,45
0.019239,0.5,0.0,0.2057,53.66,True,45
0.019239,0.7,0.0,0.1901,55.3,True,45
0.020048,0.05,0.0,0.1936,43.11,True,45
0.020048,0.08,0.0,0.1963,44.76,True,45
0.020048,0.1,0.0,0.1971,45.4,True,45
0.020048,0.12,0.0,0.1998,46.15,True,45
0.020048,0.15,0.0,0.2024,46.91,True,45
0.020048,0.18,0.0,0.2278,47.93,True,45
0.020048,0.2,0.0,0.233,48.55,False,45
0.020048,0.25,0.0,0.2409,50.11,False,45
0.020048,0.3,0.0,0.2496,51.4,False,45
0.020048,0.35,0.0,0.2593,53.6,False,45
0.020048,0.4,0.0,0.2602,54.47,False,45
0.020048,0.5,0.0,0.2645,55.48,False,45
0.020048,0.7,0.0,0.2496,57.1,False,45
0.020916,0.05,0.0,0.1936,44.47,True,45
0.020916,0.08,0.0,0.1963,46.19,True,45
0.020916,0.1,0.0,0.1971,46.85,True,45
0.020916,0.12,0.0,0.1998,47.63,True,45
0.020916,0.15,0.0,0.2033,48.4,True,45
0.020916,0.18,0.0,0.2286,49.51,True,45
0.020916,0.2,0.0,0.2339,50.15,False,45
0.020916,0.25,0.0,0.2453,51.74,False,45
0.020916,0.3,0.0,0.254,53.07,False,45
0.020916,0.35,0.0,0.2637,55.34,False,45
0.020916,0.4,0.0,0.2645,56.26,False,45
0.020916,0.5,0.0,0.2724,57.33,False,45
0.020916,0.7,0.0,0.2575,58.96,False,45
0.021814,0.05,0.0,0.1936,45.81,True,45
0.021814,0.08,0.0,0.1963,47.59,True,45
0.021814,0.1,0.0,0.1971,48.28,True,45
0.021814,0.12,0.0,0.2006,49.13,True,45
0.021814,0.15,0.0,0.205,49.95,True,45
0.021814,0.18,0.0,0.2304,51.05,True,45
0.021814,0.2,0.0,0.2356,51.7,False,45
0.021814,0.25,0.0,0.2461,53.34,False,45
0.021814,0.3,0.0,0.2558,54.71,False,45
0.021814,0.35,0.0,0.2663,57.11,False,45
0.021814,0.4,0.0,0.2672,58.03,False,45
0.021814,0.5,0.0,0.275,59.13,False,45
0.021814,0.7,0.0,0.2602,60.78,False,45
0.022755,0.05,0.0,0.1936,47.22,True,45
0.022755,0.08,0.0,0.1963,49.06,True,45
0.022755,0.1,0.0,0.198,49.77,True,45
0.022755,0.12,0.0,0.2015,50.6,True,45
0.022755,0.15,0.0,0.2059,51.59,True,45
0.022755,0.18,0.0,0.233,52.64,False,45
0.022755,0.2,0.0,0.2383,53.37,False,45
0.022755,0.25,0.0,0.2488,55.06,False,45
0.022755,0.3,0.0,0.2584,56.42,False,45
0.022755,0.35,0.0,0.268,58.86,False,45
0.022755,0.4,0.0,0.2689,59.88,False,45
0.022755,0.5,0.0,0.2768,60.99,False,45
0.022755,0.7,0.0,0.2619,62.62,False,45
0.023834,0.05,0.0,0.1936,48.59,True,45
0.023834,0.08,0.0,0.198,50.55,True,45
0.023834,0.1,0.0,0.2006,51.32,True,45
0.023834,0.12,0.0,0.2076,52.22,True,45
0.023834,0.15,0.0,0.2129,53.21,True,45
0.023834,0.18,0.0,0.2383,54.22,False,45
0.023834,0.2,0.0,0.2435,54.95,False,45
0.023834,0.25,0.0,0.2549,56.75,False,45
0.023834,0.3,0.0,0.2654,58.21,False,45
0.023834,0.35,0.0,0.2724,60.74,False,45
0.023834,0.4,0.0,0.2733,61.73,False,45
0.023834,0.5,0.0,0.282,62.85,False,45
0.023834,0.7,0.0,0.2496,64.53,False,45
0.024827,0.05,0.0,0.2015,50.01,True,45
0.024827,0.08,0.0,0.2068,52.02,True,45
0.024827,0.1,0.0,0.212,52.95,True,45
0.024827,0.12,0.0,0.219,53.81,True,45
0.024827,0.15,0.0,0.2243,54.85,True,45
0.024827,0.18,0.0,0.2479,55.93,False,45
0.024827,0.2,0.0,0.2549,56.7,False,45
0.024827,0.25,0.0,0.2663,58.6,False,45
0.024827,0.3,0.0,0.2777,59.98,False,45
0.024827,0.35,0.0,0.2855,62.63,False,45
0.024827,0.4,0.0,0.2864,63.64,False,45
0.024827,0.5,0.0,0.296,64.76,False,45
0.024827,0.7,0.0,0.2812,66.5,False,45
0.025994,0.05,0.0,0.2015,51.4,True,45
0.025994,0.08,0.0,0.2068,53.51,True,45
0.025994,0.1,0.0,0.212,54.42,True,45
0.025994,0.12,0.0,0.2208,55.29,True,45
0.025994,0.15,0.0,0.2295,56.52,True,45
0.025994,0.18,0.0,0.2532,57.7,False,45
0.025994,0.2,0.0,0.2602,58.48,False,45
0.025994,0.25,0.0,0.2715,60.36,False,45
0.025994,0.3,0.0,0.2855,61.79,False,45
0.025994,0.35,0.0,0.2934,64.48,False,45
0.025994,0.4,0.0,0.2943,65.49,False,45
0.025994,0.5,0.0,0.3039,66.62,False,45
0.025994,0.7,0.0,0.289,68.33,False,45
0.027038,0.05,0.0,0.2015,52.79,True,45
0.027038,0.08,0.0,0.2068,55.09,True,45
0.027038,0.1,0.0,0.2138,56.09,True,45
0.027038,0.12,0.0,0.2278,57.1,True,45
0.027038,0.15,0.0,0.2391,58.35,False,45
0.027038,0.18,0.0,0.268,59.72,False,45
0.027038,0.2,0.0,0.275,60.5,False,45
0.027038,0.25,0.0,0.2829,62.37,False,45
0.027038,0.3,0.0,0.3039,63.89,False,45
0.027038,0.35,0.0,0.3118,66.54,False,45
0.027038,0.4,0.0,0.3136,67.43,False,45
0.027038,0.5,0.0,0.3232,68.6,False,45
0.027038,0.7,0.0,0.3083,70.4,False,45
0.028192,0.05,0.0,0.2015,54.33,True,45
0.028192,0.08,0.0,0.2068,56.67,True,45
0.028192,0.1,0.0,0.2199,57.76,True,45
0.028192,0.12,0.0,0.2339,58.78,False,45
0.028192,0.15,0.0,0.2426,60.07,False,45
0.028192,0.18,0.0,0.2715,61.48,False,45
0.028192,0.2,0.0,0.2785,62.27,False,45
0.028192,0.25,0.0,0.3048,64.1,False,45
0.028192,0.3,0.0,0.3258,65.62,False,45
0.028192,0.35,0.0,0.3337,68.39,False,45
0.028192,0.4,0.0,0.3354,69.29,False,45
0.028192,0.5,0.0,0.3442,70.52,False,45
0.028192,0.7,0.0,0.3442,72.3,False,45
0.029411,0.05,0.0,0.2033,55.73,True,45
0.029411,0.08,0.0,0.2129,58.16,True,45
0.029411,0.1,0.0,0.2269,59.25,True,45
0.029411,0.12,0.0,0.2435,60.4,False,45
0.029411,0.15,0.0,0.2532,61.73,False,45
0.029411,0.18,0.0,0.282,63.24,False,45
0.029411,0.2,0.0,0.3074,64.12,False,45
0.029411,0.25,0.0,0.3337,65.99,False,45
0.029411,0.3,0.0,0.3582,67.57,False,45
0.029411,0.35,0.0,0.3722,70.37,False,45
0.029411,0.4,0.0,0.3739,71.37,False,45
0.029411,0.5,0.0,0.3801,72.5,False,45
0.029411,0.7,0.0,0.3801,74.25,False,45
0.030877,0.05,0.0,0.2076,57.35,True,45
0.030877,0.08,0.0,0.2234,59.93,True,45
0.030877,0.1,0.0,0.2418,61.05,False,45
0.030877,0.12,0.0,0.2602,62.17,False,45
0.030877,0.15,0.0,0.2707,63.52,False,45
0.030877,0.18,0.0,0.303,65.11,False,45
0.030877,0.2,0.0,0.3276,65.99,False,45
0.030877,0.25,0.0083,0.4465,68.02,False,45
0.030877,0.3,0.0083,0.4712,69.62,False,45
0.030877,0.35,0.0083,0.4818,72.46,False,45
0.030877,0.4,0.0083,0.4836,73.43,False,45
0.030877,0.5,0.0083,0.4942,74.53,False,45
0.030877,0.7,0.0083,0.4942,76.32,False,45
0.032405,0.05,0.0,0.2129,58.94,True,45
0.032405,0.08,0.0,0.233,61.62,False,45
0.032405,0.1,0.0,0.2514,62.85,False,45
0.032405,0.12,0.0,0.275,64.15,False,45
0.032405,0.15,0.0,0.2855,65.46,False,45
0.032405,0.18,0.0,0.3197,67.05,False,45
0.032405,0.2,0.0,0.3451,67.82,False,45
0.032405,0.25,0.0083,0.5518,69.99,False,45
0.032405,0.3,0.0083,0.5803,71.61,False,45
0.032405,0.35,0.0083,0.591,74.6,False,45
0.032405,0.4,0.0083,0.5937,75.65,False,45
0.032405,0.5,0.0083,0.6115,76.88,False,45
0.032405,0.7,0.0083,0.6115,78.49,False,45
0.034424,0.05,0.0,0.2216,60.44,True,45
0.034424,0.08,0.0,0.2418,63.17,False,45
0.034424,0.1,0.0,0.2663,64.62,False,45
0.034424,0.12,0.0,0.3022,66.08,False,45
0.034424,0.15,0.0,0.31,67.59,False,45
0.034424,0.18,0.0,0.3486,69.18,False,45
0.034424,0.2,0.0,0.3739,69.95,False,45
0.034424,0.25,0.0083,0.5776,72.07,False,45
0.034424,0.3,0.0083,0.5972,73.77,False,45
0.034424,0.35,0.0083,0.6079,76.74,False,45
0.034424,0.4,0.0083,0.6106,77.74,False,45
0.034424,0.5,0.0083,0.6293,78.93,False,45
0.034424,0.7,0.0083,0.6266,80.49,False,45
0.03642,0.05,0.0,0.2602,62.49,False,45
0.03642,0.08,0.0,0.2803,65.5,False,45
0.03642,0.1,0.0,0.3065,66.83,False,45
0.03642,0.12,0.0,0.3494,68.2,False,45
0.03642,0.15,0.0,0.3573,69.74,False,45
0.03642,0.18,0.0,0.3932,71.23,False,45
0.03642,0.2,0.0,0.4186,71.99,False,45
0.03642,0.25,0.0083,0.623,74.13,False,45
0.03642,0.3,0.0083,0.6391,75.63,False,45
0.03642,0.35,0.0083,0.6435,78.81,False,45
0.03642,0.4,0.0083,0.6471,79.82,False,45
0.03642,0.5,0.0083,0.6658,81.04,False,45
0.03642,0.7,0.0083,0.6533,82.48,False,45
0.039148,0.05,0.0,0.2925,64.22,False,45
0.039148,0.08,0.0,0.3249,67.61,False,45
0.039148,0.1,0.0,0.3669,69.22,False,45
0.039148,0.12,0.0,0.4116,70.59,False,45
0.039148,0.15,0.0,0.4273,72.21,False,45
0.039148,0.18,0.0,0.465,73.75,False,45
0.039148,0.2,0.0,0.493,74.51,False,45
0.039148,0.25,0.0083,0.7067,76.67,False,45
0.039148,0.3,0.0083,0.7219,78.02,False,45
0.039148,0.35,0.0083,0.7272,81.12,False,45
0.039148,0.4,0.0083,0.7272,82.1,False,45
0.039148,0.5,0.0083,0.7495,83.19,False,45
0.039148,0.7,0.0083,0.713,84.53,False,45
0.042268,0.05,0.0,0.3988,67.06,False,45
0.042268,0.08,0.0,0.435,70.31,False,45
0.042268,0.1,0.0,0.4615,71.94,False,45
0.042268,0.12,0.0,0.5127,73.25,False,45
0.042268,0.15,0.0,0.5215,74.91,False,45
0.042268,0.18,0.0083,0.7033,76.4,False,45
0.042268,0.2,0.0083,0.7356,77.22,False,45
0.042268,0.25,0.0167,1.0323,79.33,False,45
0.042268,0.3,0.0167,1.1289,80.69,False,45
0.042268,0.35,0.0167,1.1354,83.87,False,45
0.042268,0.4,0.0167,1.1354,84.78,False,45
0.042268,0.5,0.0167,1.2389,85.83,False,45
0.042268,0.7,0.0167,1.0378,87.24,False,45
0.046422,0.05,0.0,0.5251,69.84,False,45
0.046422,0.08,0.0,0.5586,72.9,False,45
0.046422,0.1,0.0,0.6107,74.71,False,45
0.046422,0.12,0.0,0.6495,75.94,False,45
0.046422,0.15,0.0,0.6584,77.65,False,45
0.046422,0.18,0.0167,0.8497,79.07,False,45
0.046422,0.2,0.0167,0.8631,79.83,False,45
0.046422,0.25,0.05,1.3196,81.78,False,45
0.046422,0.3,0.0583,1.598,83.33,False,45
0.046422,0.35,0.0583,1.625,86.47,False,45
0.046422,0.4,0.0583,1.625,87.43,False,45
0.046422,0.5,0.0583,1.6694,88.47,False,45
0.046422,0.7,0.0583,1.5407,89.74,False,45
