seed,dur_frames,dur_s,method,compute_rate,target_rate,budget_diff,match_mode,SupPct,FSonset,FSonsetSimple,FR,TTDef,F1,valid
42,2,0.208,AF-TOI+MHEG (frozen),0.5373,0.5373,0.0,frozen,46.27,0.0391,0.2974,0.0,0.4749,0.0645,True
42,2,0.208,Baseline+MHEG (matched),0.528,0.5373,0.0173,tau_h,47.2,0.0425,0.2781,0.0,0.964,0.0328,True
42,6,0.625,AF-TOI+MHEG (frozen),0.5685,0.5685,0.0,frozen,43.15,0.0603,0.2508,0.0,0.6233,0.1538,True
42,6,0.625,Baseline+MHEG (matched),0.5622,0.5685,0.0112,tau_h,43.78,0.0075,0.2106,0.0,0.6684,0.0952,True
42,10,1.042,AF-TOI+MHEG (frozen),0.5891,0.5891,0.0,frozen,41.09,0.1128,0.2144,0.0,0.6632,0.2222,True
42,10,1.042,Baseline+MHEG (matched),0.5882,0.5891,0.0016,tau_h,41.18,0.0281,0.147,0.0,0.5477,0.1395,True
42,14,1.458,AF-TOI+MHEG (frozen),0.601,0.601,0.0,frozen,39.9,0.1708,0.2439,0.0,0.5599,0.2222,True
42,14,1.458,Baseline+MHEG (matched),0.5917,0.601,0.0153,tau_h,40.83,0.075,0.1788,0.0,0.3828,0.1818,True
42,18,1.875,AF-TOI+MHEG (frozen),0.5922,0.5922,0.0,frozen,40.78,0.1681,0.2591,0.0,0.5017,0.3673,True
42,18,1.875,Baseline+MHEG (matched),0.5972,0.5922,0.0085,tau_h,40.28,0.0597,0.1682,0.0,0.2839,0.1679,True
42,22,2.292,AF-TOI+MHEG (frozen),0.5613,0.5613,0.0,frozen,43.87,0.1306,0.2326,0.0,0.4557,0.5455,True
42,22,2.292,Baseline+MHEG (matched),0.5646,0.5613,0.0059,tau_h,43.54,0.0444,0.1553,0.0,0.2135,0.3673,True
42,31,3.229,AF-TOI+MHEG (frozen),0.5475,0.5475,0.0,frozen,45.25,0.1028,0.1591,0.0583,0.8995,0.5542,True
42,31,3.229,Baseline+MHEG (matched),0.5415,0.5475,0.011,tau_h,45.85,0.0778,0.1977,0.0,0.1163,0.6364,True
42,42,4.375,AF-TOI+MHEG (frozen),0.5452,0.5452,0.0,frozen,45.48,0.0972,0.1939,0.0833,1.036,0.8462,True
42,42,4.375,Baseline+MHEG (matched),0.5461,0.5452,0.0016,tau_h,45.39,0.0708,0.3417,0.0083,0.156,0.8177,True
42,50,5.208,AF-TOI+MHEG (frozen),0.5455,0.5455,0.0,frozen,45.45,0.0944,0.2106,0.0833,0.9991,0.806,True
42,50,5.208,Baseline+MHEG (matched),0.5413,0.5455,0.0077,tau_h,45.87,0.0472,0.3371,0.0167,0.2082,0.8571,True
43,2,0.208,AF-TOI+MHEG (frozen),0.5613,0.5613,0.0,frozen,43.87,0.1251,0.395,0.0,0.3773,0.0,True
43,2,0.208,Baseline+MHEG (matched),0.5716,0.5613,0.0183,tau_h,42.84,0.0931,0.3476,0.1765,3.1125,0.0328,True
43,6,0.625,AF-TOI+MHEG (frozen),0.5645,0.5645,0.0,frozen,43.55,0.0097,0.2848,0.0,0.2839,0.0,True
43,6,0.625,Baseline+MHEG (matched),0.5638,0.5645,0.0013,tau_h,43.62,0.0097,0.2455,0.0583,1.6268,0.0952,True
43,10,1.042,AF-TOI+MHEG (frozen),0.5575,0.5575,0.0,frozen,44.25,0.0222,0.2515,0.0,0.303,0.0,True
43,10,1.042,Baseline+MHEG (matched),0.5576,0.5575,0.0002,tau_h,44.24,0.0153,0.1962,0.0167,1.1492,0.1395,True
43,14,1.458,AF-TOI+MHEG (frozen),0.5542,0.5542,0.0,frozen,44.58,0.025,0.1652,0.025,0.7699,0.0,True
43,14,1.458,Baseline+MHEG (matched),0.557,0.5542,0.0052,tau_h,44.3,0.025,0.1341,0.0083,0.8318,0.2222,True
43,18,1.875,AF-TOI+MHEG (frozen),0.5466,0.5466,0.0,frozen,45.34,0.0278,0.1364,0.0167,0.7828,0.0165,True
43,18,1.875,Baseline+MHEG (matched),0.5395,0.5466,0.0131,tau_h,46.05,0.0306,0.1212,0.0,0.6667,0.1955,True
43,22,2.292,AF-TOI+MHEG (frozen),0.5447,0.5447,0.0,frozen,45.53,0.0236,0.0856,0.0083,0.5779,0.0165,True
43,22,2.292,Baseline+MHEG (matched),0.5343,0.5447,0.0191,tau_h,46.57,0.0222,0.078,0.0083,0.6829,0.209,True
43,31,3.229,AF-TOI+MHEG (frozen),0.5359,0.5359,0.0,frozen,46.41,0.0333,0.0636,0.05,0.8436,0.0165,True
43,31,3.229,Baseline+MHEG (matched),0.5306,0.5359,0.0097,tau_h,46.94,0.0472,0.1083,0.0167,0.7325,0.6207,True
43,42,4.375,AF-TOI+MHEG (frozen),0.5243,0.5243,0.0,frozen,47.57,0.0361,0.0621,0.1083,1.462,0.0488,True
43,42,4.375,Baseline+MHEG (matched),0.5141,0.5243,0.0195,tau_h,48.59,0.0764,0.1098,0.025,1.0255,0.835,True
43,50,5.208,AF-TOI+MHEG (frozen),0.521,0.521,0.0,frozen,47.9,0.0167,0.0288,0.1083,1.4591,0.209,True
43,50,5.208,Baseline+MHEG (matched),0.5164,0.521,0.0088,tau_h,48.36,0.0417,0.0659,0.0917,1.9239,0.8837,True
44,2,0.208,AF-TOI+MHEG (frozen),0.5272,0.5272,0.0,frozen,47.28,0.0908,0.4469,0.0084,0.5696,0.961,True
44,2,0.208,Baseline+MHEG (matched),0.5322,0.5272,0.0095,tau_h,46.78,0.0868,0.4064,0.1429,2.8491,0.0165,True
44,6,0.625,AF-TOI+MHEG (frozen),0.5495,0.5495,0.0,frozen,45.05,0.0263,0.3295,0.0,0.3993,1.0,True
44,6,0.625,Baseline+MHEG (matched),0.5419,0.5495,0.0139,tau_h,45.81,0.0083,0.2902,0.025,1.4439,0.08,True
44,10,1.042,AF-TOI+MHEG (frozen),0.5393,0.5393,0.0,frozen,46.07,0.0428,0.3,0.0,0.447,1.0,True
44,10,1.042,Baseline+MHEG (matched),0.5442,0.5393,0.0092,tau_h,45.58,0.0217,0.2242,0.0,1.0148,0.125,True
44,14,1.458,AF-TOI+MHEG (frozen),0.5327,0.5327,0.0,frozen,46.73,0.0528,0.2417,0.0,0.4835,1.0,True
44,14,1.458,Baseline+MHEG (matched),0.5331,0.5327,0.0008,tau_h,46.69,0.0472,0.2212,0.0,0.704,0.1679,True
44,18,1.875,AF-TOI+MHEG (frozen),0.525,0.525,0.0,frozen,47.5,0.0625,0.2023,0.0,0.4106,1.0,True
44,18,1.875,Baseline+MHEG (matched),0.5268,0.525,0.0036,tau_h,47.32,0.0625,0.2008,0.0,0.5955,0.1818,True
44,22,2.292,AF-TOI+MHEG (frozen),0.5153,0.5153,0.0,frozen,48.47,0.0667,0.1818,0.0083,0.4589,0.9958,True
44,22,2.292,Baseline+MHEG (matched),0.5182,0.5153,0.0057,tau_h,48.18,0.0667,0.1811,0.0083,0.5595,0.3099,True
44,31,3.229,AF-TOI+MHEG (frozen),0.5106,0.5106,0.0,frozen,48.94,0.0681,0.1265,0.0167,0.5613,0.9916,True
44,31,3.229,Baseline+MHEG (matched),0.5149,0.5106,0.0084,tau_h,48.51,0.0681,0.1273,0.0167,0.4968,0.6286,True
44,42,4.375,AF-TOI+MHEG (frozen),0.4808,0.4808,0.0,frozen,51.92,0.0806,0.1098,0.0917,1.104,0.952,True
44,42,4.375,Baseline+MHEG (matched),0.4888,0.4808,0.0168,tau_h,51.12,0.0847,0.1159,0.0167,0.5224,0.8837,True
44,50,5.208,AF-TOI+MHEG (frozen),0.4794,0.4794,0.0,frozen,52.06,0.0458,0.0765,0.0917,1.0638,0.952,True
44,50,5.208,Baseline+MHEG (matched),0.4846,0.4794,0.0109,tau_h,51.54,0.0556,0.0924,0.075,1.1441,0.9427,True
45,2,0.208,AF-TOI+MHEG (frozen),0.3874,0.3874,0.0,frozen,61.26,0.1493,0.4508,0.0167,0.5763,0.0952,True
45,2,0.208,Baseline+MHEG (matched),0.3853,0.3874,0.0053,tau_h,61.47,0.1369,0.4364,0.25,4.0752,0.0328,True
45,6,0.625,AF-TOI+MHEG (frozen),0.4051,0.4051,0.0,frozen,59.49,0.051,0.3538,0.0167,0.2903,0.0952,True
45,6,0.625,Baseline+MHEG (matched),0.4007,0.4051,0.0109,tau_h,59.93,0.1068,0.3773,0.225,3.5045,0.0952,True
45,10,1.042,AF-TOI+MHEG (frozen),0.4085,0.4085,0.0,frozen,59.15,0.1008,0.3697,0.0167,0.5869,0.0952,True
45,10,1.042,Baseline+MHEG (matched),0.4102,0.4085,0.0041,tau_h,58.98,0.2603,0.4818,0.1,2.0108,0.1538,True
45,14,1.458,AF-TOI+MHEG (frozen),0.4086,0.4086,0.0,frozen,59.14,0.1889,0.3568,0.0,0.5148,0.1102,True
45,14,1.458,Baseline+MHEG (matched),0.4072,0.4086,0.0034,tau_h,59.28,0.3569,0.5106,0.075,1.5327,0.1538,True
45,18,1.875,AF-TOI+MHEG (frozen),0.4092,0.4092,0.0,frozen,59.08,0.1528,0.2742,0.0,0.5113,0.1955,True
45,18,1.875,Baseline+MHEG (matched),0.4085,0.4092,0.0016,tau_h,59.15,0.3347,0.4674,0.0833,1.4451,0.1818,True
45,22,2.292,AF-TOI+MHEG (frozen),0.4026,0.4026,0.0,frozen,59.74,0.1861,0.2818,0.0083,0.5998,0.2857,True
45,22,2.292,Baseline+MHEG (matched),0.4005,0.4026,0.0053,tau_h,59.95,0.3375,0.4705,0.0833,1.4148,0.3099,True
45,31,3.229,AF-TOI+MHEG (frozen),0.3825,0.3825,0.0,frozen,61.75,0.1917,0.2538,0.0167,0.5648,0.4615,True
45,31,3.229,Baseline+MHEG (matched),0.3761,0.3825,0.0166,tau_h,62.39,0.3764,0.4902,0.0917,1.5101,0.5455,True
45,42,4.375,AF-TOI+MHEG (frozen),0.372,0.372,0.0,frozen,62.8,0.1236,0.1811,0.0167,0.3882,0.4211,True
45,42,4.375,Baseline+MHEG (matched),0.3664,0.372,0.0151,tau_h,63.36,0.2931,0.3485,0.2083,2.5296,0.7234,True
45,50,5.208,AF-TOI+MHEG (frozen),0.3571,0.3571,0.0,frozen,64.29,0.075,0.15,0.025,0.3675,0.3448,True
45,50,5.208,Baseline+MHEG (matched),0.3601,0.3571,0.0084,tau_h,63.99,0.2597,0.2788,0.2833,3.1071,0.7817,True
46,2,0.208,AF-TOI+MHEG (frozen),0.5475,0.5475,0.0,frozen,45.25,0.1358,0.4118,0.0,0.487,0.4615,True
46,2,0.208,Baseline+MHEG (matched),0.5514,0.5475,0.0072,tau_h,44.86,0.0641,0.3465,0.094,2.087,0.0488,True
46,6,0.625,AF-TOI+MHEG (frozen),0.5475,0.5475,0.0,frozen,45.25,0.0065,0.3136,0.0,0.7457,0.5185,True
46,6,0.625,Baseline+MHEG (matched),0.5549,0.5475,0.0135,tau_h,44.51,0.0038,0.2833,0.0,0.8628,0.125,True
46,10,1.042,AF-TOI+MHEG (frozen),0.5426,0.5426,0.0,frozen,45.74,0.025,0.2523,0.0,0.6901,0.6207,True
46,10,1.042,Baseline+MHEG (matched),0.5516,0.5426,0.0166,tau_h,44.84,0.0194,0.2235,0.0,0.6589,0.1679,True
46,14,1.458,AF-TOI+MHEG (frozen),0.5367,0.5367,0.0,frozen,46.33,0.0528,0.2182,0.0,0.6536,0.5882,True
46,14,1.458,Baseline+MHEG (matched),0.5469,0.5367,0.019,tau_h,45.31,0.0569,0.2038,0.0,0.533,0.1818,True
46,18,1.875,AF-TOI+MHEG (frozen),0.5271,0.5271,0.0,frozen,47.29,0.0569,0.1917,0.0,0.6545,0.5629,True
46,18,1.875,Baseline+MHEG (matched),0.5369,0.5271,0.0185,tau_h,46.31,0.0764,0.2098,0.0,0.467,0.1679,True
46,22,2.292,AF-TOI+MHEG (frozen),0.5222,0.5222,0.0,frozen,47.78,0.0681,0.1705,0.0,0.6007,0.481,True
46,22,2.292,Baseline+MHEG (matched),0.5312,0.5222,0.0171,tau_h,46.88,0.0792,0.1917,0.0,0.3889,0.3099,True
46,31,3.229,AF-TOI+MHEG (frozen),0.5196,0.5196,0.0,frozen,48.04,0.0694,0.1076,0.0,0.4115,0.6957,True
46,31,3.229,Baseline+MHEG (matched),0.5267,0.5196,0.0138,tau_h,47.33,0.0667,0.1068,0.0,0.3194,0.6127,True
46,42,4.375,AF-TOI+MHEG (frozen),0.5097,0.5097,0.0,frozen,49.03,0.0514,0.075,0.0,0.3021,0.9565,True
46,42,4.375,Baseline+MHEG (matched),0.512,0.5097,0.0045,tau_h,48.8,0.0653,0.0841,0.0417,0.7237,0.8462,True
46,50,5.208,AF-TOI+MHEG (frozen),0.5075,0.5075,0.0,frozen,49.25,0.0444,0.0598,0.0,0.2491,0.9958,True
46,50,5.208,Baseline+MHEG (matched),0.4983,0.5075,0.0183,tau_h,50.17,0.0542,0.0689,0.1417,1.6857,0.9091,True
47,2,0.208,AF-TOI+MHEG (frozen),0.4727,0.4727,0.0,frozen,52.73,0.0979,0.4333,0.0167,0.6319,0.7302,True
47,2,0.208,Baseline+MHEG (matched),0.4819,0.4727,0.0195,tau_h,51.81,0.0326,0.3303,0.0167,0.7934,0.0165,True
47,6,0.625,AF-TOI+MHEG (frozen),0.4915,0.4915,0.0,frozen,50.85,0.0674,0.3545,0.0,0.566,0.7302,True
47,6,0.625,Baseline+MHEG (matched),0.4964,0.4915,0.0101,tau_h,50.36,0.0042,0.2189,0.0,0.4062,0.08,True
47,10,1.042,AF-TOI+MHEG (frozen),0.498,0.498,0.0,frozen,50.2,0.0797,0.3008,0.0,0.6024,0.7817,True
47,10,1.042,Baseline+MHEG (matched),0.4937,0.498,0.0086,tau_h,50.63,0.0208,0.1848,0.0,0.4392,0.125,True
47,14,1.458,AF-TOI+MHEG (frozen),0.5015,0.5015,0.0,frozen,49.85,0.0986,0.2848,0.0,0.6302,0.794,True
47,14,1.458,Baseline+MHEG (matched),0.5045,0.5015,0.0061,tau_h,49.55,0.0486,0.1788,0.0,0.3724,0.1395,True
47,18,1.875,AF-TOI+MHEG (frozen),0.504,0.504,0.0,frozen,49.6,0.0792,0.2265,0.0,0.5738,0.8293,True
47,18,1.875,Baseline+MHEG (matched),0.5025,0.504,0.0029,tau_h,49.75,0.0611,0.1598,0.0,0.3151,0.1955,True
47,22,2.292,AF-TOI+MHEG (frozen),0.5035,0.5035,0.0,frozen,49.65,0.0856,0.2098,0.0,0.4627,0.7879,True
47,22,2.292,Baseline+MHEG (matched),0.4947,0.5035,0.0176,tau_h,50.53,0.0814,0.1818,0.0,0.2795,0.3893,True
47,31,3.229,AF-TOI+MHEG (frozen),0.4864,0.4864,0.0,frozen,51.36,0.0542,0.1364,0.0,0.2839,0.6667,True
47,31,3.229,Baseline+MHEG (matched),0.485,0.4864,0.003,tau_h,51.5,0.0681,0.1735,0.0,0.1944,0.75,True
47,42,4.375,AF-TOI+MHEG (frozen),0.4736,0.4736,0.0,frozen,52.64,0.0319,0.075,0.0,0.23,0.75,True
47,42,4.375,Baseline+MHEG (matched),0.4828,0.4736,0.0195,tau_h,51.72,0.0472,0.1061,0.0,0.3359,0.914,True
47,50,5.208,AF-TOI+MHEG (frozen),0.4591,0.4591,0.0,frozen,54.09,0.025,0.0424,0.0,0.171,0.8293,True
47,50,5.208,Baseline+MHEG (matched),0.4589,0.4591,0.0004,tau_h,54.11,0.0583,0.1295,0.0,0.3845,1.0,True
48,2,0.208,AF-TOI+MHEG (frozen),0.486,0.486,0.0,frozen,51.4,0.0686,0.4102,0.0,0.6408,0.1679,True
48,2,0.208,Baseline+MHEG (matched),0.4771,0.486,0.0184,tau_h,52.29,0.0714,0.4018,0.0924,2.0336,0.0,True
48,6,0.625,AF-TOI+MHEG (frozen),0.4875,0.4875,0.0,frozen,51.25,0.0229,0.3333,0.0,0.6762,0.1538,True
48,6,0.625,Baseline+MHEG (matched),0.4911,0.4875,0.0073,tau_h,50.89,0.0271,0.3394,0.0,0.8898,0.0645,True
48,10,1.042,AF-TOI+MHEG (frozen),0.4876,0.4876,0.0,frozen,51.24,0.0364,0.2735,0.0,0.6094,0.1955,True
48,10,1.042,Baseline+MHEG (matched),0.4793,0.4876,0.017,tau_h,52.07,0.0503,0.2871,0.0,0.6762,0.1395,True
48,14,1.458,AF-TOI+MHEG (frozen),0.486,0.486,0.0,frozen,51.4,0.0514,0.2356,0.0,0.5781,0.1818,True
48,14,1.458,Baseline+MHEG (matched),0.4866,0.486,0.0012,tau_h,51.34,0.1139,0.3053,0.0,0.4931,0.1818,True
48,18,1.875,AF-TOI+MHEG (frozen),0.4864,0.4864,0.0,frozen,51.36,0.05,0.1871,0.0,0.4896,0.1679,True
48,18,1.875,Baseline+MHEG (matched),0.4934,0.4864,0.0144,tau_h,50.66,0.1069,0.2765,0.0,0.4288,0.1818,True
48,22,2.292,AF-TOI+MHEG (frozen),0.4813,0.4813,0.0,frozen,51.87,0.0611,0.1644,0.0,0.4731,0.1395,True
48,22,2.292,Baseline+MHEG (matched),0.4836,0.4813,0.0049,tau_h,51.64,0.1361,0.2795,0.0,0.434,0.3217,True
48,31,3.229,AF-TOI+MHEG (frozen),0.4768,0.4768,0.0,frozen,52.32,0.0528,0.103,0.0,0.3924,0.2353,True
48,31,3.229,Baseline+MHEG (matched),0.4696,0.4768,0.0151,tau_h,53.04,0.0819,0.172,0.0083,0.3766,0.6441,True
48,42,4.375,AF-TOI+MHEG (frozen),0.4589,0.4589,0.0,frozen,54.11,0.0681,0.0886,0.0,0.3845,0.6286,True
48,42,4.375,Baseline+MHEG (matched),0.4577,0.4589,0.0025,tau_h,54.23,0.1153,0.1386,0.05,0.818,0.8732,True
48,50,5.208,AF-TOI+MHEG (frozen),0.4534,0.4534,0.0,frozen,54.66,0.05,0.0621,0.0,0.342,0.7302,True
48,50,5.208,Baseline+MHEG (matched),0.4463,0.4534,0.0156,tau_h,55.37,0.0722,0.1038,0.1083,1.3111,0.9189,True
49,2,0.208,AF-TOI+MHEG (frozen),0.5,0.5,0.0,frozen,50.0,0.1328,0.4492,0.0169,0.9274,0.8,True
49,2,0.208,Baseline+MHEG (matched),0.4976,0.5,0.0048,tau_d,50.24,0.073,0.3105,0.1271,2.7164,0.0,True
49,6,0.625,AF-TOI+MHEG (frozen),0.5199,0.5199,0.0,frozen,48.01,0.1107,0.3735,0.0167,0.6628,0.794,True
49,6,0.625,Baseline+MHEG (matched),0.5143,0.5199,0.0108,tau_h,48.57,0.0104,0.2614,0.0333,1.3346,0.1395,True
49,10,1.042,AF-TOI+MHEG (frozen),0.5258,0.5258,0.0,frozen,47.42,0.1744,0.3545,0.0083,0.4825,0.7629,True
49,10,1.042,Baseline+MHEG (matched),0.5208,0.5258,0.0094,tau_h,47.92,0.0533,0.2371,0.0083,0.8475,0.1679,True
49,14,1.458,AF-TOI+MHEG (frozen),0.5188,0.5188,0.0,frozen,48.12,0.225,0.3462,0.0,0.5278,0.75,True
49,14,1.458,Baseline+MHEG (matched),0.5264,0.5188,0.0148,tau_h,47.36,0.1111,0.2727,0.0083,0.6821,0.1818,True
49,18,1.875,AF-TOI+MHEG (frozen),0.5146,0.5146,0.0,frozen,48.54,0.1694,0.3015,0.0,0.4358,0.7166,True
49,18,1.875,Baseline+MHEG (matched),0.5056,0.5146,0.0174,tau_h,49.44,0.1278,0.2856,0.0,0.5113,0.2353,True
49,22,2.292,AF-TOI+MHEG (frozen),0.5106,0.5106,0.0,frozen,48.94,0.1472,0.2803,0.0,0.4184,0.6813,True
49,22,2.292,Baseline+MHEG (matched),0.5047,0.5106,0.0116,tau_h,49.53,0.1125,0.2523,0.0,0.4722,0.3784,True
49,31,3.229,AF-TOI+MHEG (frozen),0.4979,0.4979,0.0,frozen,50.21,0.1556,0.2061,0.0,0.2665,0.6813,True
49,31,3.229,Baseline+MHEG (matched),0.5057,0.4979,0.0156,tau_h,49.43,0.1236,0.1803,0.0083,0.4615,0.674,True
49,42,4.375,AF-TOI+MHEG (frozen),0.4844,0.4844,0.0,frozen,51.56,0.1333,0.1614,0.0083,0.3241,0.7755,True
49,42,4.375,Baseline+MHEG (matched),0.4828,0.4844,0.0032,tau_h,51.72,0.0722,0.103,0.025,0.664,0.8517,True
49,50,5.208,AF-TOI+MHEG (frozen),0.48,0.48,0.0,frozen,52.0,0.1042,0.1447,0.0,0.1797,0.8293,True
49,50,5.208,Baseline+MHEG (matched),0.474,0.48,0.0127,tau_h,52.6,0.0569,0.0848,0.075,1.2905,0.9286,True
50,2,0.208,AF-TOI+MHEG (frozen),0.4521,0.4521,0.0,frozen,54.79,0.1741,0.5225,0.0084,1.9087,0.3217,True
50,2,0.208,Baseline+MHEG (matched),0.4457,0.4521,0.0142,tau_h,55.43,0.0392,0.3262,0.0084,0.724,0.0,True
50,6,0.625,AF-TOI+MHEG (frozen),0.4708,0.4708,0.0,frozen,52.92,0.3453,0.5053,0.0083,1.5959,0.3448,True
50,6,0.625,Baseline+MHEG (matched),0.472,0.4708,0.0026,tau_h,52.8,0.0292,0.2515,0.0083,0.914,0.0488,True
50,10,1.042,AF-TOI+MHEG (frozen),0.4782,0.4782,0.0,frozen,52.18,0.4839,0.5674,0.0,1.3411,0.4106,True
50,10,1.042,Baseline+MHEG (matched),0.4802,0.4782,0.004,tau_h,51.98,0.0472,0.2144,0.0083,0.9053,0.125,True
50,14,1.458,AF-TOI+MHEG (frozen),0.4775,0.4775,0.0,frozen,52.25,0.5153,0.5659,0.0,1.0885,0.4615,True
50,14,1.458,Baseline+MHEG (matched),0.4787,0.4775,0.0025,tau_h,52.13,0.0653,0.2174,0.0,0.513,0.125,True
50,18,1.875,AF-TOI+MHEG (frozen),0.4683,0.4683,0.0,frozen,53.17,0.5194,0.5932,0.0,0.9774,0.481,True
50,18,1.875,Baseline+MHEG (matched),0.4754,0.4683,0.0151,tau_h,52.46,0.1264,0.2758,0.0,0.4835,0.1102,True
50,22,2.292,AF-TOI+MHEG (frozen),0.4619,0.4619,0.0,frozen,53.81,0.5042,0.5818,0.0,0.8186,0.5542,True
50,22,2.292,Baseline+MHEG (matched),0.4641,0.4619,0.0048,tau_h,53.59,0.1986,0.3121,0.0,0.4392,0.2482,True
50,31,3.229,AF-TOI+MHEG (frozen),0.452,0.452,0.0,frozen,54.8,0.4017,0.4924,0.0,0.5278,0.6127,True
50,31,3.229,Baseline+MHEG (matched),0.4484,0.452,0.008,tau_h,55.16,0.2419,0.3061,0.0083,0.465,0.6286,True
50,42,4.375,AF-TOI+MHEG (frozen),0.4517,0.4517,0.0,frozen,54.83,0.2542,0.3341,0.0,0.3368,0.5882,True
50,42,4.375,Baseline+MHEG (matched),0.454,0.4517,0.005,tau_h,54.6,0.1875,0.2924,0.0167,0.5083,0.8679,True
50,50,5.208,AF-TOI+MHEG (frozen),0.4477,0.4477,0.0,frozen,55.23,0.2125,0.3015,0.0,0.2535,0.6813,True
50,50,5.208,Baseline+MHEG (matched),0.4549,0.4477,0.016,tau_h,54.51,0.1722,0.2485,0.0583,1.0793,0.9333,True
51,2,0.208,AF-TOI+MHEG (frozen),0.498,0.498,0.0,frozen,50.2,0.0754,0.3968,0.0,0.4573,0.08,True
51,2,0.208,Baseline+MHEG (matched),0.4999,0.498,0.0038,tau_h,50.01,0.0537,0.3028,0.0,0.5076,0.0165,True
51,6,0.625,AF-TOI+MHEG (frozen),0.5281,0.5281,0.0,frozen,47.19,0.0956,0.3508,0.0,0.1892,0.08,True
51,6,0.625,Baseline+MHEG (matched),0.5228,0.5281,0.0101,tau_h,47.72,0.0768,0.2667,0.0,0.3837,0.1102,True
51,10,1.042,AF-TOI+MHEG (frozen),0.5494,0.5494,0.0,frozen,45.06,0.085,0.3273,0.0,0.1658,0.125,True
51,10,1.042,Baseline+MHEG (matched),0.5457,0.5494,0.0067,tau_h,45.43,0.1156,0.2068,0.0,0.5208,0.1538,True
51,14,1.458,AF-TOI+MHEG (frozen),0.5555,0.5555,0.0,frozen,44.45,0.0722,0.3674,0.0,0.1467,0.1395,True
51,14,1.458,Baseline+MHEG (matched),0.5646,0.5555,0.0165,tau_h,43.54,0.1375,0.222,0.0,0.3516,0.209,True
51,18,1.875,AF-TOI+MHEG (frozen),0.5584,0.5584,0.0,frozen,44.16,0.0722,0.3689,0.0,0.1693,0.1395,True
51,18,1.875,Baseline+MHEG (matched),0.5511,0.5584,0.0132,tau_h,44.89,0.1514,0.2553,0.0,0.2908,0.1679,True
51,22,2.292,AF-TOI+MHEG (frozen),0.5542,0.5542,0.0,frozen,44.58,0.0778,0.3909,0.0,0.1753,0.1395,True
51,22,2.292,Baseline+MHEG (matched),0.5574,0.5542,0.0058,tau_h,44.26,0.1458,0.2591,0.0,0.2318,0.2979,True
51,31,3.229,AF-TOI+MHEG (frozen),0.5461,0.5461,0.0,frozen,45.39,0.0653,0.3939,0.0,0.1111,0.3099,True
51,31,3.229,Baseline+MHEG (matched),0.5549,0.5461,0.0161,tau_h,44.51,0.1667,0.2492,0.0083,0.3512,0.5366,True
51,42,4.375,AF-TOI+MHEG (frozen),0.526,0.526,0.0,frozen,47.4,0.0972,0.428,0.0,0.138,0.6207,True
51,42,4.375,Baseline+MHEG (matched),0.5231,0.526,0.0056,tau_h,47.69,0.1764,0.3773,0.0083,0.3923,0.8177,True
51,50,5.208,AF-TOI+MHEG (frozen),0.5286,0.5286,0.0,frozen,47.14,0.0931,0.4606,0.0,0.1111,0.6364,True
51,50,5.208,Baseline+MHEG (matched),0.5257,0.5286,0.0054,tau_h,47.43,0.1722,0.428,0.0167,0.691,0.9041,True
52,2,0.208,AF-TOI+MHEG (frozen),0.5212,0.5212,0.0,frozen,47.88,0.0357,0.2765,0.0,0.5051,0.3217,True
52,2,0.208,Baseline+MHEG (matched),0.5113,0.5212,0.019,tau_h,48.87,0.0934,0.33,0.1681,3.3168,0.0488,True
52,6,0.625,AF-TOI+MHEG (frozen),0.5393,0.5393,0.0,frozen,46.07,0.0943,0.2477,0.0,0.8203,0.3893,True
52,6,0.625,Baseline+MHEG (matched),0.533,0.5393,0.0118,tau_h,46.7,0.1844,0.2924,0.025,1.516,0.0645,True
52,10,1.042,AF-TOI+MHEG (frozen),0.5503,0.5503,0.0,frozen,44.97,0.1792,0.2705,0.0,0.8594,0.3784,True
52,10,1.042,Baseline+MHEG (matched),0.5471,0.5503,0.0058,tau_h,45.29,0.2514,0.3159,0.0,0.9358,0.125,True
52,14,1.458,AF-TOI+MHEG (frozen),0.5594,0.5594,0.0,frozen,44.06,0.2236,0.2848,0.0,0.8125,0.4211,True
52,14,1.458,Baseline+MHEG (matched),0.5512,0.5594,0.0146,tau_h,44.88,0.2583,0.3114,0.0,0.7049,0.1538,True
52,18,1.875,AF-TOI+MHEG (frozen),0.5625,0.5625,0.0,frozen,43.75,0.2389,0.278,0.0,0.7092,0.4314,True
52,18,1.875,Baseline+MHEG (matched),0.5613,0.5625,0.0021,tau_h,43.87,0.2375,0.2848,0.0,0.5642,0.1538,True
52,22,2.292,AF-TOI+MHEG (frozen),0.5577,0.5577,0.0,frozen,44.23,0.2569,0.3288,0.0,0.5729,0.4906,True
52,22,2.292,Baseline+MHEG (matched),0.5569,0.5577,0.0014,tau_h,44.31,0.2292,0.3023,0.0083,0.5228,0.4314,True
52,31,3.229,AF-TOI+MHEG (frozen),0.5447,0.5447,0.0,frozen,45.53,0.2028,0.3697,0.0,0.349,0.5366,True
52,31,3.229,Baseline+MHEG (matched),0.5543,0.5447,0.0177,tau_h,44.57,0.15,0.2735,0.025,0.5224,0.6286,True
52,42,4.375,AF-TOI+MHEG (frozen),0.5436,0.5436,0.0,frozen,45.64,0.1542,0.4076,0.0,0.2613,0.7565,True
52,42,4.375,Baseline+MHEG (matched),0.5337,0.5436,0.0182,tau_h,46.63,0.1528,0.3818,0.1167,1.5086,0.8119,True
52,50,5.208,AF-TOI+MHEG (frozen),0.5499,0.5499,0.0,frozen,45.01,0.1389,0.3985,0.0,0.2283,0.8293,True
52,50,5.208,Baseline+MHEG (matched),0.556,0.5499,0.0111,tau_h,44.4,0.1431,0.3765,0.1667,1.924,0.8571,True
53,2,0.208,AF-TOI+MHEG (frozen),0.5969,0.5969,0.0,frozen,40.31,0.0514,0.353,0.0,0.408,0.5093,True
53,2,0.208,Baseline+MHEG (matched),0.6079,0.5969,0.0185,tau_h,39.21,0.0361,0.3258,0.25,4.3426,0.0645,True
53,6,0.625,AF-TOI+MHEG (frozen),0.5908,0.5908,0.0,frozen,40.92,0.0153,0.2621,0.0,0.6615,0.4516,True
53,6,0.625,Baseline+MHEG (matched),0.5887,0.5908,0.0035,tau_h,41.13,0.0096,0.2311,0.175,3.2904,0.1538,True
53,10,1.042,AF-TOI+MHEG (frozen),0.5859,0.5859,0.0,frozen,41.41,0.0158,0.1871,0.0,0.678,0.4713,True
53,10,1.042,Baseline+MHEG (matched),0.5835,0.5859,0.004,tau_h,41.65,0.0172,0.1652,0.0,1.3056,0.209,True
53,14,1.458,AF-TOI+MHEG (frozen),0.5781,0.5781,0.0,frozen,42.19,0.0403,0.1727,0.0,0.5911,0.4,True
53,14,1.458,Baseline+MHEG (matched),0.5879,0.5781,0.0169,tau_h,41.21,0.0319,0.1492,0.0,0.9123,0.1955,True
53,18,1.875,AF-TOI+MHEG (frozen),0.5799,0.5799,0.0,frozen,42.01,0.0236,0.1038,0.0,0.4913,0.3562,True
53,18,1.875,Baseline+MHEG (matched),0.5754,0.5799,0.0077,tau_h,42.46,0.0264,0.1045,0.0,0.7613,0.2979,True
53,22,2.292,AF-TOI+MHEG (frozen),0.5769,0.5769,0.0,frozen,42.31,0.0194,0.0856,0.0,0.4132,0.3784,True
53,22,2.292,Baseline+MHEG (matched),0.5679,0.5769,0.0155,tau_h,43.21,0.0194,0.1038,0.0,0.5981,0.4,True
53,31,3.229,AF-TOI+MHEG (frozen),0.5696,0.5696,0.0,frozen,43.04,0.0264,0.0576,0.0,0.2535,0.6667,True
53,31,3.229,Baseline+MHEG (matched),0.5632,0.5696,0.0111,tau_h,43.68,0.0306,0.0598,0.0,0.4444,0.6517,True
53,42,4.375,AF-TOI+MHEG (frozen),0.5634,0.5634,0.0,frozen,43.66,0.0222,0.0371,0.0,0.178,0.8837,True
53,42,4.375,Baseline+MHEG (matched),0.5575,0.5634,0.0105,tau_h,44.25,0.0222,0.0326,0.0,0.4089,0.8679,True
53,50,5.208,AF-TOI+MHEG (frozen),0.5662,0.5662,0.0,frozen,43.38,0.0139,0.0189,0.0,0.1207,0.9958,True
53,50,5.208,Baseline+MHEG (matched),0.5553,0.5662,0.0193,tau_h,44.47,0.0139,0.0182,0.025,0.6275,0.9238,True
