Seed,Modelo,Metodo,Teacher,Politica,F1,ECE,FailRate,TTD,TTDef,TTD_bruto,ThetaTTD,ThrEP,Lat_ms,SkipPct,Cost_ms_per_frame,ThetaTTD_Adapt,TTD_Adapt,DerivDelta,DerivProbFloor,DerivSmoothW,TTD_Deriv,N_Progressive,TTD_Progressive,FailRate_Progressive,TTD_Progressive_Adapt,TTD_Progressive_Deriv,N_Abrupt,TTD_Abrupt,FailRate_Abrupt,TTD_Abrupt_Adapt,TTD_Abrupt_Deriv
42,LSTM,Baseline,None,Fixa,0.868500,0.461600,0.091700,0.009500,0.926200,0.009500,0.100000,0.050000,1.083600,0.000000,1.083600,0.100000,0.009500,0.002000,0.120000,5,0.072900,72,0.000000,0.041700,0.000000,0.104200,48,0.023900,0.166700,0.023900,0.026000
42,LSTM,AF-KD,BiLSTM,Fixa,0.875900,0.323600,0.000000,0.000000,0.000000,0.000000,0.120000,0.050000,0.403500,0.000000,0.403500,0.120000,0.000000,0.002000,0.150000,3,0.703100,72,0.000000,0.000000,0.000000,1.154500,48,0.000000,0.000000,0.000000,0.026000
42,LSTM,TransKD,Transformer,Fixa,0.869600,0.326100,0.000000,0.000000,0.000000,0.000000,0.200000,0.050000,0.402000,0.000000,0.402000,0.200000,0.000000,0.002000,0.180000,5,0.201400,72,0.000000,0.000000,0.000000,0.318300,48,0.000000,0.000000,0.000000,0.026000
42,Transformer,Baseline,None,Fixa,0.800000,0.571000,0.333300,0.081600,3.414900,0.081600,0.100000,0.050000,1.380400,0.000000,1.380400,0.080000,0.071200,0.002000,0.100000,5,2.064200,72,0.134500,0.222200,0.118600,1.773700,48,0.002200,0.500000,0.000000,2.500000
42,Transformer,AF-KD,BiLSTM,Fixa,1.000000,0.443900,0.000000,0.000000,0.000000,0.000000,0.300000,0.050000,1.399300,0.000000,1.399300,0.250000,0.000000,0.002000,0.180000,5,0.185800,72,0.000000,0.000000,0.000000,0.164900,48,0.000000,0.000000,0.000000,0.217000
43,LSTM,Baseline,None,Fixa,0.839000,0.481500,0.175000,0.011300,1.761300,0.011300,0.100000,0.050000,1.429300,0.000000,1.429300,0.080000,0.009500,0.002000,0.100000,5,0.033000,72,0.000000,0.097200,0.000000,0.036200,48,0.028200,0.291700,0.023900,0.028200
43,LSTM,AF-KD,BiLSTM,Fixa,0.860700,0.368200,0.125000,0.000000,1.250000,0.000000,0.250000,0.050000,0.414900,0.000000,0.414900,0.250000,0.000000,0.002000,0.180000,5,0.770800,72,0.000000,0.000000,0.000000,1.267400,48,0.000000,0.312500,0.000000,0.026000
43,LSTM,TransKD,Transformer,Fixa,0.891400,0.331600,0.008300,0.000000,0.083300,0.000000,0.200000,0.075000,0.430200,0.000000,0.430200,0.200000,0.000000,0.002000,0.180000,5,0.727400,72,0.000000,0.000000,0.000000,1.195000,48,0.000000,0.020800,0.000000,0.026000
43,Transformer,Baseline,None,Fixa,0.811900,0.576700,0.316700,0.044300,3.210900,0.044300,0.100000,0.050000,1.424000,0.000000,1.424000,0.080000,0.030400,0.002000,0.100000,5,2.018200,72,0.043400,0.097200,0.028900,1.697000,48,0.045600,0.645800,0.032600,2.500000
43,Transformer,AF-KD,BiLSTM,Fixa,1.000000,0.472800,0.000000,0.000000,0.000000,0.000000,0.300000,0.050000,1.411500,0.000000,1.411500,0.250000,0.000000,0.002000,0.180000,5,0.217900,72,0.000000,0.000000,0.000000,0.185200,48,0.000000,0.000000,0.000000,0.266900
44,LSTM,Baseline,None,Fixa,0.869600,0.480900,0.000000,0.000000,0.000000,0.000000,0.100000,0.050000,1.518100,0.000000,1.518100,0.100000,0.000000,0.002000,0.150000,5,0.029500,72,0.000000,0.000000,0.000000,0.031800,48,0.000000,0.000000,0.000000,0.026000
44,LSTM,AF-KD,BiLSTM,Fixa,0.909100,0.355400,0.000000,0.000000,0.000000,0.000000,0.200000,0.050000,2.027700,0.000000,2.027700,0.200000,0.000000,0.004000,0.180000,5,0.841100,72,0.000000,0.000000,0.000000,1.384500,48,0.000000,0.000000,0.000000,0.026000
44,LSTM,TransKD,Transformer,Fixa,0.882400,0.348100,0.000000,0.000000,0.000000,0.000000,0.200000,0.050000,1.572500,0.000000,1.572500,0.200000,0.000000,0.002000,0.180000,5,0.620700,72,0.000000,0.000000,0.000000,1.017100,48,0.000000,0.000000,0.000000,0.026000
44,Transformer,Baseline,None,Fixa,1.000000,0.422800,0.000000,0.000900,0.000900,0.000900,0.120000,0.050000,4.966800,0.000000,4.966800,0.080000,0.000000,0.004000,0.100000,5,2.001700,72,0.001400,0.000000,0.000000,1.669600,48,0.000000,0.000000,0.000000,2.500000
44,Transformer,AF-KD,BiLSTM,Fixa,1.000000,0.494700,0.000000,0.000000,0.000000,0.000000,0.250000,0.050000,5.216100,0.000000,5.216100,0.250000,0.000000,0.002000,0.180000,5,0.075500,72,0.000000,0.000000,0.000000,0.085400,48,0.000000,0.000000,0.000000,0.060800
45,LSTM,Baseline,None,Fixa,0.869600,0.484500,0.000000,0.009500,0.009500,0.009500,0.100000,0.050000,1.405600,0.000000,1.405600,0.100000,0.009500,0.002000,0.100000,5,0.072000,72,0.000000,0.000000,0.000000,0.102700,48,0.023900,0.000000,0.023900,0.026000
45,LSTM,AF-KD,BiLSTM,Fixa,0.926100,0.327100,0.008300,0.000000,0.083300,0.000000,0.150000,0.075000,0.417600,0.000000,0.417600,0.150000,0.000000,0.002000,0.150000,5,0.610200,72,0.000000,0.000000,0.000000,0.999700,48,0.000000,0.020800,0.000000,0.026000
45,LSTM,TransKD,Transformer,Fixa,0.888100,0.315000,0.008300,0.000000,0.083300,0.000000,0.180000,0.075000,0.416000,0.000000,0.416000,0.150000,0.000000,0.002000,0.180000,5,0.766500,72,0.000000,0.000000,0.000000,1.260100,48,0.000000,0.020800,0.000000,0.026000
45,Transformer,Baseline,None,Fixa,1.000000,0.556500,0.000000,0.033900,0.033900,0.033900,0.100000,0.050000,1.404100,0.000000,1.404100,0.080000,0.030400,0.006000,0.100000,5,2.023400,72,0.056400,0.000000,0.050600,1.705700,48,0.000000,0.000000,0.000000,2.500000
45,Transformer,AF-KD,BiLSTM,Fixa,1.000000,0.477300,0.000000,0.000900,0.000900,0.000900,0.150000,0.050000,1.406400,0.000000,1.406400,0.150000,0.000900,0.002000,0.120000,5,0.176200,72,0.001400,0.000000,0.001400,0.147600,48,0.000000,0.000000,0.000000,0.219200
42,LSTM,Baseline,None,Hibrida,0.876500,0.431900,0.083300,0.011300,0.844600,0.011300,0.100000,0.050000,1.083600,61.520000,0.417000,0.100000,0.011300,0.002000,0.120000,5,0.072900,72,0.000000,0.013900,0.000000,0.089700,48,0.028200,0.187500,0.028200,0.047700
42,LSTM,AF-KD,BiLSTM,Hibrida,0.875900,0.296400,0.000000,0.000900,0.000900,0.000900,0.120000,0.050000,0.403500,70.990000,0.117100,0.120000,0.000900,0.002000,0.150000,3,0.579900,72,0.000000,0.000000,0.000000,0.755200,48,0.002200,0.000000,0.002200,0.316800
42,Transformer,AF-KD,BiLSTM,Hibrida,0.995800,0.410800,0.008300,0.000000,0.083300,0.000000,0.300000,0.050000,1.399300,55.480000,0.622900,0.250000,0.000000,0.002000,0.180000,5,0.237000,72,0.000000,0.000000,0.000000,0.188100,48,0.000000,0.020800,0.000000,0.310300
43,LSTM,Baseline,None,Hibrida,0.840300,0.424800,0.166700,0.015600,1.682300,0.015600,0.100000,0.050000,1.429300,74.410000,0.365700,0.080000,0.011300,0.002000,0.100000,5,0.056400,72,0.000000,0.097200,0.000000,0.070900,48,0.039100,0.270800,0.028200,0.034700
43,Transformer,Baseline,None,Hibrida,0.857100,0.574700,0.250000,0.054700,2.554700,0.054700,0.100000,0.050000,1.424000,45.110000,0.781600,0.080000,0.042500,0.002000,0.100000,5,2.020800,72,0.057900,0.027800,0.046300,1.701400,48,0.049900,0.583300,0.036900,2.500000
43,Transformer,AF-KD,BiLSTM,Hibrida,1.000000,0.453900,0.000000,0.000900,0.000900,0.000900,0.300000,0.050000,1.411500,44.620000,0.781700,0.250000,0.000900,0.002000,0.180000,5,0.217900,72,0.000000,0.000000,0.000000,0.185200,48,0.002200,0.000000,0.002200,0.266900
44,Transformer,Baseline,None,Hibrida,1.000000,0.423000,0.000000,0.003500,0.003500,0.003500,0.120000,0.050000,4.966800,44.220000,2.770600,0.080000,0.002600,0.004000,0.100000,5,2.002600,72,0.005800,0.000000,0.004300,1.671000,48,0.000000,0.000000,0.000000,2.500000
44,Transformer,AF-KD,BiLSTM,Hibrida,1.000000,0.477500,0.000000,0.000900,0.000900,0.000900,0.250000,0.050000,5.216100,51.760000,2.516400,0.250000,0.000900,0.002000,0.180000,5,0.103300,72,0.001400,0.000000,0.001400,0.111400,48,0.000000,0.000000,0.000000,0.091100
45,LSTM,Baseline,None,Hibrida,0.869600,0.471000,0.000000,0.010400,0.010400,0.010400,0.100000,0.050000,1.405600,50.730000,0.692600,0.100000,0.010400,0.002000,0.100000,5,0.082500,72,0.000000,0.000000,0.000000,0.114300,48,0.026000,0.000000,0.026000,0.034700
45,LSTM,AF-KD,BiLSTM,Hibrida,0.937500,0.315800,0.000000,0.002600,0.002600,0.002600,0.150000,0.075000,0.417600,53.190000,0.195500,0.150000,0.002600,0.002000,0.150000,5,0.585900,72,0.000000,0.000000,0.000000,0.950500,48,0.006500,0.000000,0.006500,0.039100
45,Transformer,AF-KD,BiLSTM,Hibrida,1.000000,0.459900,0.000000,0.006900,0.006900,0.006900,0.150000,0.050000,1.406400,54.250000,0.643500,0.150000,0.006900,0.002000,0.120000,5,0.151900,72,0.008700,0.000000,0.008700,0.099800,48,0.004300,0.000000,0.004300,0.230000
