seed,dur_frames,dur_s,support,config,FR,TTD,TTDef,SupPct,ComputeRate,FSonset,FSonsetSimple,F1,ECE,H_stable,H_pre,H_post,n_crit
42,2,0.208,extrapolation-fast OOD,Baseline Fixed,0.0,0.934,0.934,0.0,1.0,0.0,0.0,0.0328,0.1205,0.0056,0.0058,0.3056,118
42,2,0.208,extrapolation-fast OOD,Baseline+MHEG,0.0,0.9887,0.9887,51.13,0.4887,0.0566,0.2943,0.0328,0.1248,0.0056,0.0058,0.3056,118
42,2,0.208,extrapolation-fast OOD,AF-TOI Fixed,0.0,0.4529,0.4529,0.0,1.0,0.0,0.0,0.0488,0.1121,0.001,0.0011,0.4514,118
42,2,0.208,extrapolation-fast OOD,AF-TOI+MHEG,0.0,0.4749,0.4749,46.27,0.5373,0.0391,0.2974,0.0645,0.1119,0.001,0.0011,0.4514,118
42,6,0.625,ID anchor (abrupt),Baseline Fixed,0.0,0.6424,0.6424,0.0,1.0,0.0,0.0,0.0952,0.1087,0.0056,0.0058,0.3249,120
42,6,0.625,ID anchor (abrupt),Baseline+MHEG,0.0,0.6823,0.6823,49.29,0.5071,0.0607,0.2652,0.0952,0.1135,0.0056,0.0058,0.3249,120
42,6,0.625,ID anchor (abrupt),AF-TOI Fixed,0.0,0.5755,0.5755,0.0,1.0,0.0,0.0,0.1395,0.0944,0.001,0.0011,0.4727,120
42,6,0.625,ID anchor (abrupt),AF-TOI+MHEG,0.0,0.6233,0.6233,43.15,0.5685,0.0603,0.2508,0.1538,0.0938,0.001,0.0011,0.4727,120
42,10,1.042,ID anchor (abrupt edge),Baseline Fixed,0.0,0.5477,0.5477,0.0,1.0,0.0,0.0,0.1395,0.1175,0.0056,0.0058,0.3106,120
42,10,1.042,ID anchor (abrupt edge),Baseline+MHEG,0.0,0.5703,0.5703,46.77,0.5323,0.1264,0.247,0.1395,0.1222,0.0056,0.0058,0.3106,120
42,10,1.042,ID anchor (abrupt edge),AF-TOI Fixed,0.0,0.6224,0.6224,0.0,1.0,0.0,0.0,0.209,0.1093,0.001,0.0011,0.4089,120
42,10,1.042,ID anchor (abrupt edge),AF-TOI+MHEG,0.0,0.6632,0.6632,41.07,0.5893,0.1128,0.2144,0.2222,0.1101,0.001,0.0011,0.4089,120
42,14,1.458,interpolation OOD,Baseline Fixed,0.0,0.3785,0.3785,0.0,1.0,0.0,0.0,0.1818,0.11,0.0056,0.0058,0.2889,120
42,14,1.458,interpolation OOD,Baseline+MHEG,0.0,0.3889,0.3889,45.25,0.5475,0.1403,0.2417,0.1818,0.1154,0.0056,0.0058,0.2889,120
42,14,1.458,interpolation OOD,AF-TOI Fixed,0.0,0.5495,0.5495,0.0,1.0,0.0,0.0,0.209,0.1313,0.001,0.0011,0.358,120
42,14,1.458,interpolation OOD,AF-TOI+MHEG,0.0,0.5599,0.5599,39.86,0.6014,0.1708,0.2439,0.2222,0.1337,0.001,0.0011,0.358,120
42,18,1.875,interpolation OOD,Baseline Fixed,0.0,0.2821,0.2821,0.0,1.0,0.0,0.0,0.1679,0.0795,0.0056,0.0058,0.2707,120
42,18,1.875,interpolation OOD,Baseline+MHEG,0.0,0.2899,0.2899,45.05,0.5495,0.1014,0.2311,0.1679,0.0861,0.0056,0.0058,0.2707,120
42,18,1.875,interpolation OOD,AF-TOI Fixed,0.0,0.4844,0.4844,0.0,1.0,0.0,0.0,0.3673,0.1188,0.001,0.0011,0.3228,120
42,18,1.875,interpolation OOD,AF-TOI+MHEG,0.0,0.5017,0.5017,40.75,0.5925,0.1681,0.2591,0.3673,0.1218,0.001,0.0011,0.3228,120
42,22,2.292,interpolation OOD,Baseline Fixed,0.0,0.2109,0.2109,0.0,1.0,0.0,0.0,0.3673,0.0452,0.0056,0.0058,0.2514,120
42,22,2.292,interpolation OOD,Baseline+MHEG,0.0,0.2144,0.2144,45.09,0.5491,0.0597,0.1795,0.3673,0.0551,0.0056,0.0058,0.2514,120
42,22,2.292,interpolation OOD,AF-TOI Fixed,0.0,0.4427,0.4427,0.0,1.0,0.0,0.0,0.5276,0.0985,0.001,0.0011,0.2951,120
42,22,2.292,interpolation OOD,AF-TOI+MHEG,0.0,0.4557,0.4557,43.8,0.562,0.1306,0.2326,0.5455,0.1069,0.001,0.0011,0.2951,120
42,31,3.229,ID anchor (progressive),Baseline Fixed,0.0,0.105,0.105,0.0,1.0,0.0,0.0,0.6364,0.0188,0.0056,0.0058,0.2185,120
42,31,3.229,ID anchor (progressive),Baseline+MHEG,0.0,0.1085,0.1085,43.75,0.5625,0.0528,0.1583,0.6364,0.0254,0.0056,0.0058,0.2185,120
42,31,3.229,ID anchor (progressive),AF-TOI Fixed,0.0583,0.3125,0.8958,0.0,1.0,0.0,0.0,0.5542,0.0729,0.001,0.0011,0.246,120
42,31,3.229,ID anchor (progressive),AF-TOI+MHEG,0.0583,0.3162,0.8995,45.21,0.5479,0.1028,0.1591,0.5542,0.076,0.001,0.0011,0.246,120
42,42,4.375,extrapolation-slow OOD,Baseline Fixed,0.0083,0.0543,0.1376,0.0,1.0,0.0,0.0,0.8177,0.0451,0.0056,0.0058,0.1957,120
42,42,4.375,extrapolation-slow OOD,Baseline+MHEG,0.0083,0.0604,0.1437,40.92,0.5908,0.0333,0.2144,0.8177,0.0471,0.0056,0.0058,0.1957,120
42,42,4.375,extrapolation-slow OOD,AF-TOI Fixed,0.0833,0.1894,1.0227,0.0,1.0,0.0,0.0,0.8462,0.1013,0.001,0.0011,0.2269,120
42,42,4.375,extrapolation-slow OOD,AF-TOI+MHEG,0.0833,0.2027,1.036,45.45,0.5455,0.0972,0.1939,0.8462,0.1037,0.001,0.0011,0.2269,120
42,50,5.208,extrapolation-slow OOD,Baseline Fixed,0.0167,0.0318,0.1984,0.0,1.0,0.0,0.0,0.8571,0.1031,0.0056,0.0058,0.1862,120
42,50,5.208,extrapolation-slow OOD,Baseline+MHEG,0.0167,0.0344,0.2011,40.5,0.595,0.0222,0.1644,0.8571,0.1047,0.0056,0.0058,0.1862,120
42,50,5.208,extrapolation-slow OOD,AF-TOI Fixed,0.0833,0.1638,0.9972,0.0,1.0,0.0,0.0,0.806,0.1703,0.001,0.0011,0.2215,120
42,50,5.208,extrapolation-slow OOD,AF-TOI+MHEG,0.0833,0.1657,0.9991,45.43,0.5457,0.0944,0.2098,0.806,0.1725,0.001,0.0011,0.2215,120
43,2,0.208,extrapolation-fast OOD,Baseline Fixed,0.1765,1.3478,3.1125,0.0,1.0,0.0,0.0,0.0328,0.0956,0.0069,0.0072,0.1684,119
43,2,0.208,extrapolation-fast OOD,Baseline+MHEG,0.2773,1.4499,4.223,69.28,0.3072,0.1331,0.4354,0.0328,0.0845,0.0069,0.0072,0.1684,119
43,2,0.208,extrapolation-fast OOD,AF-TOI Fixed,0.0,0.3659,0.3659,0.0,1.0,0.0,0.0,0.0,0.1459,0.0016,0.0016,0.4701,119
43,2,0.208,extrapolation-fast OOD,AF-TOI+MHEG,0.0,0.3773,0.3773,43.87,0.5613,0.1251,0.395,0.0,0.1472,0.0016,0.0016,0.4701,119
43,6,0.625,ID anchor (abrupt),Baseline Fixed,0.0583,1.0435,1.6268,0.0,1.0,0.0,0.0,0.0952,0.1217,0.0069,0.0072,0.1986,120
43,6,0.625,ID anchor (abrupt),Baseline+MHEG,0.1583,1.1046,2.6879,64.38,0.3562,0.0829,0.3758,0.0952,0.1089,0.0069,0.0072,0.1986,120
43,6,0.625,ID anchor (abrupt),AF-TOI Fixed,0.0,0.2804,0.2804,0.0,1.0,0.0,0.0,0.0,0.1158,0.0016,0.0016,0.4567,120
43,6,0.625,ID anchor (abrupt),AF-TOI+MHEG,0.0,0.2839,0.2839,43.55,0.5645,0.0097,0.2848,0.0,0.1161,0.0016,0.0016,0.4567,120
43,10,1.042,ID anchor (abrupt edge),Baseline Fixed,0.0167,0.9816,1.1483,0.0,1.0,0.0,0.0,0.1395,0.1469,0.0069,0.0072,0.1594,120
43,10,1.042,ID anchor (abrupt edge),Baseline+MHEG,0.0417,1.038,1.4547,58.53,0.4147,0.1989,0.3879,0.1395,0.1421,0.0069,0.0072,0.1594,120
43,10,1.042,ID anchor (abrupt edge),AF-TOI Fixed,0.0,0.2899,0.2899,0.0,1.0,0.0,0.0,0.0,0.144,0.0016,0.0016,0.4431,120
43,10,1.042,ID anchor (abrupt edge),AF-TOI+MHEG,0.0,0.303,0.303,44.25,0.5575,0.0222,0.2515,0.0,0.1446,0.0016,0.0016,0.4431,120
43,14,1.458,interpolation OOD,Baseline Fixed,0.0083,0.7423,0.8256,0.0,1.0,0.0,0.0,0.2222,0.1455,0.0069,0.0072,0.1375,120
43,14,1.458,interpolation OOD,Baseline+MHEG,0.0167,0.7601,0.9267,55.85,0.4415,0.2236,0.3689,0.2222,0.1451,0.0069,0.0072,0.1375,120
43,14,1.458,interpolation OOD,AF-TOI Fixed,0.0083,0.4604,0.5438,0.0,1.0,0.0,0.0,0.0,0.1836,0.0016,0.0016,0.4382,120
43,14,1.458,interpolation OOD,AF-TOI+MHEG,0.025,0.5199,0.7699,44.58,0.5542,0.025,0.1652,0.0,0.1822,0.0016,0.0016,0.4382,120
43,18,1.875,interpolation OOD,Baseline Fixed,0.0,0.6667,0.6667,0.0,1.0,0.0,0.0,0.1955,0.131,0.0069,0.0072,0.1275,120
43,18,1.875,interpolation OOD,Baseline+MHEG,0.0,0.6892,0.6892,55.28,0.4472,0.2306,0.4,0.1955,0.1311,0.0069,0.0072,0.1275,120
43,18,1.875,interpolation OOD,AF-TOI Fixed,0.0167,0.6118,0.7784,0.0,1.0,0.0,0.0,0.0165,0.1926,0.0016,0.0016,0.4386,120
43,18,1.875,interpolation OOD,AF-TOI+MHEG,0.0167,0.6162,0.7828,45.34,0.5466,0.0278,0.1364,0.0165,0.192,0.0016,0.0016,0.4386,120
43,22,2.292,interpolation OOD,Baseline Fixed,0.0083,0.597,0.6803,0.0,1.0,0.0,0.0,0.209,0.0997,0.0069,0.0072,0.1219,120
43,22,2.292,interpolation OOD,Baseline+MHEG,0.0083,0.632,0.7153,55.09,0.4491,0.2556,0.4136,0.209,0.1005,0.0069,0.0072,0.1219,120
43,22,2.292,interpolation OOD,AF-TOI Fixed,0.0083,0.4788,0.5621,0.0,1.0,0.0,0.0,0.0165,0.1753,0.0016,0.0016,0.4395,120
43,22,2.292,interpolation OOD,AF-TOI+MHEG,0.0083,0.4946,0.5779,45.53,0.5447,0.0236,0.0856,0.0165,0.175,0.0016,0.0016,0.4395,120
43,31,3.229,ID anchor (progressive),Baseline Fixed,0.0167,0.5632,0.7299,0.0,1.0,0.0,0.0,0.6207,0.0758,0.0069,0.0072,0.1163,120
43,31,3.229,ID anchor (progressive),Baseline+MHEG,0.0167,0.5756,0.7422,53.91,0.4609,0.1861,0.2742,0.6207,0.0777,0.0069,0.0072,0.1163,120
43,31,3.229,ID anchor (progressive),AF-TOI Fixed,0.05,0.3289,0.8289,0.0,1.0,0.0,0.0,0.0165,0.1632,0.0016,0.0016,0.437,120
43,31,3.229,ID anchor (progressive),AF-TOI+MHEG,0.05,0.3436,0.8436,46.41,0.5359,0.0333,0.0636,0.0165,0.1617,0.0016,0.0016,0.437,120
43,42,4.375,extrapolation-slow OOD,Baseline Fixed,0.025,0.7603,1.0103,0.0,1.0,0.0,0.0,0.835,0.0919,0.0069,0.0072,0.1133,120
43,42,4.375,extrapolation-slow OOD,Baseline+MHEG,0.025,0.7666,1.0166,53.65,0.4635,0.1806,0.2242,0.835,0.09,0.0069,0.0072,0.1133,120
43,42,4.375,extrapolation-slow OOD,AF-TOI Fixed,0.1083,0.3738,1.4572,0.0,1.0,0.0,0.0,0.0488,0.1966,0.0016,0.0016,0.4346,120
43,42,4.375,extrapolation-slow OOD,AF-TOI+MHEG,0.1083,0.3777,1.4611,47.57,0.5243,0.0361,0.0621,0.0488,0.1926,0.0016,0.0016,0.4346,120
43,50,5.208,extrapolation-slow OOD,Baseline Fixed,0.0917,0.9948,1.9115,0.0,1.0,0.0,0.0,0.8837,0.1406,0.0069,0.0072,0.1127,120
43,50,5.208,extrapolation-slow OOD,Baseline+MHEG,0.0917,1.0283,1.945,55.78,0.4422,0.2028,0.2189,0.8837,0.1414,0.0069,0.0072,0.1127,120
43,50,5.208,extrapolation-slow OOD,AF-TOI Fixed,0.1083,0.3758,1.4591,0.0,1.0,0.0,0.0,0.209,0.233,0.0016,0.0016,0.4346,120
43,50,5.208,extrapolation-slow OOD,AF-TOI+MHEG,0.1083,0.3758,1.4591,47.9,0.521,0.0167,0.0288,0.209,0.23,0.0016,0.0016,0.4346,120
44,2,0.208,extrapolation-fast OOD,Baseline Fixed,0.1429,1.4205,2.8491,0.0,1.0,0.0,0.0,0.0165,0.1112,0.0056,0.0056,0.14,119
44,2,0.208,extrapolation-fast OOD,Baseline+MHEG,0.2773,1.6667,4.4398,75.45,0.2455,0.1553,0.5332,0.0165,0.0861,0.0056,0.0056,0.14,119
44,2,0.208,extrapolation-fast OOD,AF-TOI Fixed,0.0,0.4631,0.4631,0.0,1.0,0.0,0.0,0.9655,0.2451,0.0015,0.0016,0.5335,119
44,2,0.208,extrapolation-fast OOD,AF-TOI+MHEG,0.0084,0.4855,0.5696,47.28,0.5272,0.0908,0.4469,0.961,0.2429,0.0015,0.0016,0.5335,119
44,6,0.625,ID anchor (abrupt),Baseline Fixed,0.025,1.1939,1.4439,0.0,1.0,0.0,0.0,0.08,0.1247,0.0056,0.0056,0.1842,120
44,6,0.625,ID anchor (abrupt),Baseline+MHEG,0.125,1.4147,2.6647,68.88,0.3112,0.2399,0.4614,0.08,0.1058,0.0056,0.0056,0.1842,120
44,6,0.625,ID anchor (abrupt),AF-TOI Fixed,0.0,0.3967,0.3967,0.0,1.0,0.0,0.0,1.0,0.2374,0.0015,0.0016,0.5691,120
44,6,0.625,ID anchor (abrupt),AF-TOI+MHEG,0.0,0.3993,0.3993,45.05,0.5495,0.0263,0.3295,1.0,0.2384,0.0015,0.0016,0.5691,120
44,10,1.042,ID anchor (abrupt edge),Baseline Fixed,0.0,1.0148,1.0148,0.0,1.0,0.0,0.0,0.125,0.1443,0.0056,0.0056,0.1315,120
44,10,1.042,ID anchor (abrupt edge),Baseline+MHEG,0.0583,1.085,1.6683,64.98,0.3502,0.3633,0.5303,0.125,0.14,0.0056,0.0056,0.1315,120
44,10,1.042,ID anchor (abrupt edge),AF-TOI Fixed,0.0,0.421,0.421,0.0,1.0,0.0,0.0,1.0,0.2454,0.0015,0.0016,0.5365,120
44,10,1.042,ID anchor (abrupt edge),AF-TOI+MHEG,0.0,0.447,0.447,46.07,0.5393,0.0428,0.3,1.0,0.2479,0.0015,0.0016,0.5365,120
44,14,1.458,interpolation OOD,Baseline Fixed,0.0,0.704,0.704,0.0,1.0,0.0,0.0,0.1679,0.1364,0.0055,0.0056,0.0925,120
44,14,1.458,interpolation OOD,Baseline+MHEG,0.0,0.7569,0.7569,61.58,0.3842,0.4153,0.5583,0.1679,0.1406,0.0055,0.0056,0.0925,120
44,14,1.458,interpolation OOD,AF-TOI Fixed,0.0,0.4653,0.4653,0.0,1.0,0.0,0.0,1.0,0.2367,0.0015,0.0016,0.5142,120
44,14,1.458,interpolation OOD,AF-TOI+MHEG,0.0,0.4835,0.4835,46.73,0.5327,0.0528,0.2417,1.0,0.2405,0.0015,0.0016,0.5142,120
44,18,1.875,interpolation OOD,Baseline Fixed,0.0,0.5946,0.5946,0.0,1.0,0.0,0.0,0.1818,0.1079,0.0055,0.0056,0.0777,120
44,18,1.875,interpolation OOD,Baseline+MHEG,0.0,0.6953,0.6953,60.97,0.3903,0.4417,0.5856,0.1818,0.1152,0.0055,0.0056,0.0777,120
44,18,1.875,interpolation OOD,AF-TOI Fixed,0.0,0.3872,0.3872,0.0,1.0,0.0,0.0,1.0,0.2037,0.0015,0.0016,0.4972,120
44,18,1.875,interpolation OOD,AF-TOI+MHEG,0.0,0.4106,0.4106,47.5,0.525,0.0625,0.2023,1.0,0.2087,0.0015,0.0016,0.4972,120
44,22,2.292,interpolation OOD,Baseline Fixed,0.0083,0.4666,0.5499,0.0,1.0,0.0,0.0,0.3099,0.0715,0.0055,0.0056,0.0687,120
44,22,2.292,interpolation OOD,Baseline+MHEG,0.0083,0.5944,0.6777,61.12,0.3888,0.4194,0.5758,0.3099,0.0816,0.0055,0.0056,0.0687,120
44,22,2.292,interpolation OOD,AF-TOI Fixed,0.0,0.2917,0.2917,0.0,1.0,0.0,0.0,0.9958,0.1595,0.0015,0.0016,0.4851,120
44,22,2.292,interpolation OOD,AF-TOI+MHEG,0.0083,0.3755,0.4589,48.47,0.5153,0.0667,0.1818,0.9958,0.1651,0.0015,0.0016,0.4851,120
44,31,3.229,ID anchor (progressive),Baseline Fixed,0.0167,0.3187,0.4853,0.0,1.0,0.0,0.0,0.6286,0.0434,0.0055,0.0056,0.0593,120
44,31,3.229,ID anchor (progressive),Baseline+MHEG,0.0167,0.4776,0.6442,60.78,0.3922,0.3694,0.4841,0.6364,0.0519,0.0055,0.0056,0.0593,120
44,31,3.229,ID anchor (progressive),AF-TOI Fixed,0.0167,0.3831,0.5498,0.0,1.0,0.0,0.0,0.9916,0.0747,0.0015,0.0016,0.4725,120
44,31,3.229,ID anchor (progressive),AF-TOI+MHEG,0.0167,0.3946,0.5613,48.94,0.5106,0.0681,0.1265,0.9916,0.0746,0.0015,0.0016,0.4725,120
44,42,4.375,extrapolation-slow OOD,Baseline Fixed,0.0167,0.3204,0.4871,0.0,1.0,0.0,0.0,0.8837,0.0499,0.0055,0.0056,0.0543,120
44,42,4.375,extrapolation-slow OOD,Baseline+MHEG,0.0167,0.4617,0.6284,59.07,0.4093,0.3328,0.3962,0.8837,0.0573,0.0055,0.0056,0.0543,120
44,42,4.375,extrapolation-slow OOD,AF-TOI Fixed,0.0917,0.1606,1.0772,0.0,1.0,0.0,0.0,0.952,0.0728,0.0015,0.0016,0.4668,120
44,42,4.375,extrapolation-slow OOD,AF-TOI+MHEG,0.0917,0.1873,1.104,51.92,0.4808,0.0806,0.1098,0.952,0.0694,0.0015,0.0016,0.4668,120
44,50,5.208,extrapolation-slow OOD,Baseline Fixed,0.075,0.3707,1.1207,0.0,1.0,0.0,0.0,0.9427,0.0941,0.0055,0.0056,0.053,120
44,50,5.208,extrapolation-slow OOD,Baseline+MHEG,0.075,0.4411,1.1911,60.89,0.3911,0.2708,0.347,0.9427,0.0972,0.0055,0.0056,0.053,120
44,50,5.208,extrapolation-slow OOD,AF-TOI Fixed,0.0917,0.1309,1.0476,0.0,1.0,0.0,0.0,0.952,0.0639,0.0015,0.0016,0.4651,120
44,50,5.208,extrapolation-slow OOD,AF-TOI+MHEG,0.0917,0.1472,1.0638,52.06,0.4794,0.0458,0.0765,0.952,0.0588,0.0015,0.0016,0.4651,120
45,2,0.208,extrapolation-fast OOD,Baseline Fixed,0.1833,1.5359,3.3693,0.0,1.0,0.0,0.0,0.0328,0.0964,0.0079,0.0081,0.1132,120
45,2,0.208,extrapolation-fast OOD,Baseline+MHEG,0.3333,1.6211,4.9544,76.52,0.2348,0.2235,0.5795,0.0328,0.0758,0.0079,0.0081,0.1132,120
45,2,0.208,extrapolation-fast OOD,AF-TOI Fixed,0.0,0.3012,0.3012,0.0,1.0,0.0,0.0,0.0645,0.1609,0.0018,0.0018,0.5237,120
45,2,0.208,extrapolation-fast OOD,AF-TOI+MHEG,0.0167,0.4096,0.5763,61.25,0.3875,0.1493,0.4508,0.0952,0.1565,0.0018,0.0018,0.5237,120
45,6,0.625,ID anchor (abrupt),Baseline Fixed,0.1667,1.2313,2.8979,0.0,1.0,0.0,0.0,0.0952,0.1138,0.0079,0.0081,0.1483,120
45,6,0.625,ID anchor (abrupt),Baseline+MHEG,0.3,1.2922,4.2922,71.33,0.2867,0.3407,0.528,0.0952,0.0976,0.0079,0.0081,0.1483,120
45,6,0.625,ID anchor (abrupt),AF-TOI Fixed,0.0083,0.1164,0.1998,0.0,1.0,0.0,0.0,0.0645,0.1453,0.0018,0.0018,0.5246,120
45,6,0.625,ID anchor (abrupt),AF-TOI+MHEG,0.0167,0.1236,0.2903,59.49,0.4051,0.051,0.3538,0.0952,0.1454,0.0018,0.0018,0.5246,120
45,10,1.042,ID anchor (abrupt edge),Baseline Fixed,0.0917,0.992,1.9086,0.0,1.0,0.0,0.0,0.1538,0.1412,0.0079,0.0081,0.1426,120
45,10,1.042,ID anchor (abrupt edge),Baseline+MHEG,0.15,1.0304,2.5304,66.2,0.338,0.4481,0.6008,0.1538,0.1347,0.0079,0.0081,0.1426,120
45,10,1.042,ID anchor (abrupt edge),AF-TOI Fixed,0.0,0.375,0.375,0.0,1.0,0.0,0.0,0.0645,0.1687,0.0018,0.0018,0.5056,120
45,10,1.042,ID anchor (abrupt edge),AF-TOI+MHEG,0.0167,0.4202,0.5869,59.15,0.4085,0.1008,0.3697,0.0952,0.1702,0.0018,0.0018,0.5056,120
45,14,1.458,interpolation OOD,Baseline Fixed,0.05,0.8818,1.3818,0.0,1.0,0.0,0.0,0.209,0.148,0.0079,0.0081,0.1229,120
45,14,1.458,interpolation OOD,Baseline+MHEG,0.075,0.8549,1.6049,62.77,0.3723,0.4583,0.5924,0.1538,0.1557,0.0079,0.0081,0.1229,120
45,14,1.458,interpolation OOD,AF-TOI Fixed,0.0,0.3819,0.3819,0.0,1.0,0.0,0.0,0.08,0.1848,0.0018,0.0018,0.501,120
45,14,1.458,interpolation OOD,AF-TOI+MHEG,0.0,0.5148,0.5148,59.14,0.4086,0.1889,0.3568,0.1102,0.1954,0.0018,0.0018,0.501,120
45,18,1.875,interpolation OOD,Baseline Fixed,0.05,0.7621,1.2621,0.0,1.0,0.0,0.0,0.2353,0.1335,0.0079,0.0081,0.1167,120
45,18,1.875,interpolation OOD,Baseline+MHEG,0.0833,0.6913,1.5246,62.88,0.3712,0.4917,0.5939,0.1818,0.1415,0.0079,0.0081,0.1167,120
45,18,1.875,interpolation OOD,AF-TOI Fixed,0.0,0.3993,0.3993,0.0,1.0,0.0,0.0,0.1679,0.208,0.0018,0.0018,0.4979,120
45,18,1.875,interpolation OOD,AF-TOI+MHEG,0.0,0.5113,0.5113,59.08,0.4092,0.1528,0.2742,0.1955,0.2198,0.0018,0.0018,0.4979,120
45,22,2.292,interpolation OOD,Baseline Fixed,0.05,0.7155,1.2155,0.0,1.0,0.0,0.0,0.3562,0.1106,0.0079,0.0081,0.1062,120
45,22,2.292,interpolation OOD,Baseline+MHEG,0.0833,0.6847,1.518,63.43,0.3657,0.4847,0.5977,0.3099,0.121,0.0079,0.0081,0.1062,120
45,22,2.292,interpolation OOD,AF-TOI Fixed,0.0,0.4236,0.4236,0.0,1.0,0.0,0.0,0.2609,0.2174,0.0018,0.0018,0.4962,120
45,22,2.292,interpolation OOD,AF-TOI+MHEG,0.0083,0.5165,0.5998,59.74,0.4026,0.1861,0.2818,0.2857,0.2271,0.0018,0.0018,0.4962,120
45,31,3.229,ID anchor (progressive),Baseline Fixed,0.0417,0.6984,1.115,0.0,1.0,0.0,0.0,0.5965,0.0865,0.0079,0.0081,0.0931,120
45,31,3.229,ID anchor (progressive),Baseline+MHEG,0.0917,0.6107,1.5273,63.67,0.3633,0.4097,0.5212,0.5455,0.0977,0.0079,0.0081,0.0931,120
45,31,3.229,ID anchor (progressive),AF-TOI Fixed,0.0,0.322,0.322,0.0,1.0,0.0,0.0,0.4615,0.2069,0.0018,0.0018,0.494,120
45,31,3.229,ID anchor (progressive),AF-TOI+MHEG,0.0167,0.3981,0.5648,61.75,0.3825,0.1917,0.2538,0.4615,0.2098,0.0018,0.0018,0.494,120
45,42,4.375,extrapolation-slow OOD,Baseline Fixed,0.1333,0.6871,2.0204,0.0,1.0,0.0,0.0,0.7435,0.1358,0.0079,0.0081,0.0871,120
45,42,4.375,extrapolation-slow OOD,Baseline+MHEG,0.2083,0.4485,2.5318,64.48,0.3552,0.3,0.3674,0.7234,0.1422,0.0079,0.0081,0.0871,120
45,42,4.375,extrapolation-slow OOD,AF-TOI Fixed,0.0,0.1658,0.1658,0.0,1.0,0.0,0.0,0.4211,0.1909,0.0018,0.0018,0.4932,120
45,42,4.375,extrapolation-slow OOD,AF-TOI+MHEG,0.0167,0.2216,0.3882,62.8,0.372,0.1236,0.1811,0.4211,0.1909,0.0018,0.0018,0.4932,120
45,50,5.208,extrapolation-slow OOD,Baseline Fixed,0.25,0.419,2.919,0.0,1.0,0.0,0.0,0.8,0.1652,0.0079,0.0081,0.0852,120
45,50,5.208,extrapolation-slow OOD,Baseline+MHEG,0.2833,0.3028,3.1361,66.55,0.3345,0.2861,0.3068,0.7817,0.1702,0.0079,0.0081,0.0852,120
45,50,5.208,extrapolation-slow OOD,AF-TOI Fixed,0.0083,0.1173,0.2006,0.0,1.0,0.0,0.0,0.3448,0.2162,0.0018,0.0018,0.4934,120
45,50,5.208,extrapolation-slow OOD,AF-TOI+MHEG,0.025,0.1175,0.3675,64.29,0.3571,0.075,0.15,0.3448,0.2105,0.0018,0.0018,0.4934,120
46,2,0.208,extrapolation-fast OOD,Baseline Fixed,0.094,1.1468,2.087,0.0,1.0,0.0,0.0,0.0488,0.108,0.0085,0.0096,0.1915,117
46,2,0.208,extrapolation-fast OOD,Baseline+MHEG,0.1709,1.3767,3.0861,72.92,0.2708,0.1496,0.4895,0.0488,0.0901,0.0085,0.0096,0.1915,117
46,2,0.208,extrapolation-fast OOD,AF-TOI Fixed,0.0,0.4434,0.4434,0.0,1.0,0.0,0.0,0.4615,0.1749,0.0018,0.0018,0.464,117
46,2,0.208,extrapolation-fast OOD,AF-TOI+MHEG,0.0,0.487,0.487,45.25,0.5475,0.1358,0.4118,0.4615,0.1766,0.0018,0.0018,0.464,117
46,6,0.625,ID anchor (abrupt),Baseline Fixed,0.0,0.8628,0.8628,0.0,1.0,0.0,0.0,0.125,0.1149,0.0085,0.0096,0.2301,120
46,6,0.625,ID anchor (abrupt),Baseline+MHEG,0.0833,1.0369,1.8703,67.08,0.3292,0.1308,0.4053,0.1102,0.0978,0.0085,0.0096,0.2301,120
46,6,0.625,ID anchor (abrupt),AF-TOI Fixed,0.0,0.7431,0.7431,0.0,1.0,0.0,0.0,0.5185,0.1454,0.0018,0.0018,0.4559,120
46,6,0.625,ID anchor (abrupt),AF-TOI+MHEG,0.0,0.7457,0.7457,45.25,0.5475,0.0065,0.3136,0.5185,0.1452,0.0018,0.0018,0.4559,120
46,10,1.042,ID anchor (abrupt edge),Baseline Fixed,0.0,0.6458,0.6458,0.0,1.0,0.0,0.0,0.1679,0.1288,0.0085,0.0095,0.2197,120
46,10,1.042,ID anchor (abrupt edge),Baseline+MHEG,0.0167,0.6956,0.8623,62.06,0.3794,0.2564,0.4462,0.1538,0.1262,0.0085,0.0095,0.2197,120
46,10,1.042,ID anchor (abrupt edge),AF-TOI Fixed,0.0,0.6649,0.6649,0.0,1.0,0.0,0.0,0.6207,0.1633,0.0018,0.0018,0.4156,120
46,10,1.042,ID anchor (abrupt edge),AF-TOI+MHEG,0.0,0.6901,0.6901,45.74,0.5426,0.025,0.2523,0.6207,0.1655,0.0018,0.0018,0.4156,120
46,14,1.458,interpolation OOD,Baseline Fixed,0.0,0.5312,0.5312,0.0,1.0,0.0,0.0,0.1818,0.1245,0.0085,0.0095,0.1733,120
46,14,1.458,interpolation OOD,Baseline+MHEG,0.0,0.5738,0.5738,60.06,0.3994,0.3139,0.4727,0.1679,0.125,0.0085,0.0095,0.1733,120
46,14,1.458,interpolation OOD,AF-TOI Fixed,0.0,0.6467,0.6467,0.0,1.0,0.0,0.0,0.5882,0.1602,0.0018,0.0018,0.3517,120
46,14,1.458,interpolation OOD,AF-TOI+MHEG,0.0,0.6536,0.6536,46.33,0.5367,0.0528,0.2182,0.5882,0.1612,0.0018,0.0018,0.3517,120
46,18,1.875,interpolation OOD,Baseline Fixed,0.0,0.4332,0.4332,0.0,1.0,0.0,0.0,0.1679,0.0924,0.0084,0.0095,0.1684,120
46,18,1.875,interpolation OOD,Baseline+MHEG,0.0,0.5156,0.5156,59.9,0.401,0.3708,0.5106,0.1679,0.099,0.0084,0.0095,0.1684,120
46,18,1.875,interpolation OOD,AF-TOI Fixed,0.0,0.6172,0.6172,0.0,1.0,0.0,0.0,0.5629,0.1235,0.0018,0.0018,0.3113,120
46,18,1.875,interpolation OOD,AF-TOI+MHEG,0.0,0.6545,0.6545,47.29,0.5271,0.0569,0.1917,0.5629,0.1267,0.0018,0.0018,0.3113,120
46,22,2.292,interpolation OOD,Baseline Fixed,0.0,0.3368,0.3368,0.0,1.0,0.0,0.0,0.3099,0.0578,0.0084,0.0094,0.1722,120
46,22,2.292,interpolation OOD,Baseline+MHEG,0.0,0.4531,0.4531,60.61,0.3939,0.3958,0.5288,0.3217,0.0711,0.0084,0.0094,0.1722,120
46,22,2.292,interpolation OOD,AF-TOI Fixed,0.0,0.5616,0.5616,0.0,1.0,0.0,0.0,0.481,0.0877,0.0018,0.0018,0.2805,120
46,22,2.292,interpolation OOD,AF-TOI+MHEG,0.0,0.6007,0.6007,47.78,0.5222,0.0681,0.1705,0.481,0.0911,0.0018,0.0018,0.2805,120
46,31,3.229,ID anchor (progressive),Baseline Fixed,0.0,0.2517,0.2517,0.0,1.0,0.0,0.0,0.6127,0.0296,0.0084,0.0094,0.1525,120
46,31,3.229,ID anchor (progressive),Baseline+MHEG,0.0,0.4071,0.4071,59.44,0.4056,0.3619,0.4606,0.6127,0.0408,0.0084,0.0094,0.1525,120
46,31,3.229,ID anchor (progressive),AF-TOI Fixed,0.0,0.349,0.349,0.0,1.0,0.0,0.0,0.6957,0.0456,0.0018,0.0018,0.2633,120
46,31,3.229,ID anchor (progressive),AF-TOI+MHEG,0.0,0.4115,0.4115,48.04,0.5196,0.0694,0.1076,0.6957,0.05,0.0018,0.0018,0.2633,120
46,42,4.375,extrapolation-slow OOD,Baseline Fixed,0.0417,0.25,0.6667,0.0,1.0,0.0,0.0,0.8462,0.0529,0.0084,0.0095,0.1404,120
46,42,4.375,extrapolation-slow OOD,Baseline+MHEG,0.05,0.36,0.86,58.94,0.4106,0.2833,0.3386,0.8406,0.061,0.0084,0.0095,0.1404,120
46,42,4.375,extrapolation-slow OOD,AF-TOI Fixed,0.0,0.2509,0.2509,0.0,1.0,0.0,0.0,0.9565,0.0374,0.0018,0.0018,0.2562,120
46,42,4.375,extrapolation-slow OOD,AF-TOI+MHEG,0.0,0.3021,0.3021,49.03,0.5097,0.0514,0.075,0.9565,0.0433,0.0018,0.0018,0.2562,120
46,50,5.208,extrapolation-slow OOD,Baseline Fixed,0.1417,0.2346,1.6513,0.0,1.0,0.0,0.0,0.9091,0.1197,0.0084,0.0095,0.1373,120
46,50,5.208,extrapolation-slow OOD,Baseline+MHEG,0.1417,0.2994,1.716,62.51,0.3749,0.2556,0.3394,0.9041,0.1187,0.0084,0.0095,0.1373,120
46,50,5.208,extrapolation-slow OOD,AF-TOI Fixed,0.0,0.1997,0.1997,0.0,1.0,0.0,0.0,0.9958,0.0603,0.0018,0.0018,0.2548,120
46,50,5.208,extrapolation-slow OOD,AF-TOI+MHEG,0.0,0.2491,0.2491,49.25,0.5075,0.0444,0.0598,0.9958,0.0656,0.0018,0.0018,0.2548,120
47,2,0.208,extrapolation-fast OOD,Baseline Fixed,0.0,0.6172,0.6172,0.0,1.0,0.0,0.0,0.0165,0.1045,0.0175,0.0176,0.3477,120
47,2,0.208,extrapolation-fast OOD,Baseline+MHEG,0.0917,0.7043,1.621,75.03,0.2497,0.1099,0.4409,0.08,0.0984,0.0175,0.0176,0.3477,120
47,2,0.208,extrapolation-fast OOD,AF-TOI Fixed,0.0,0.4384,0.4384,0.0,1.0,0.0,0.0,0.7435,0.1801,0.0037,0.0038,0.4863,120
47,2,0.208,extrapolation-fast OOD,AF-TOI+MHEG,0.0167,0.4652,0.6319,52.73,0.4727,0.0979,0.4333,0.7302,0.1747,0.0037,0.0038,0.4863,120
47,6,0.625,ID anchor (abrupt),Baseline Fixed,0.0,0.3967,0.3967,0.0,1.0,0.0,0.0,0.08,0.0945,0.0175,0.0176,0.419,120
47,6,0.625,ID anchor (abrupt),Baseline+MHEG,0.025,0.5173,0.7673,70.78,0.2922,0.1003,0.3848,0.1538,0.094,0.0175,0.0176,0.419,120
47,6,0.625,ID anchor (abrupt),AF-TOI Fixed,0.0,0.5616,0.5616,0.0,1.0,0.0,0.0,0.7302,0.1583,0.0037,0.0038,0.4854,120
47,6,0.625,ID anchor (abrupt),AF-TOI+MHEG,0.0,0.566,0.566,50.85,0.4915,0.0674,0.3545,0.7302,0.1587,0.0037,0.0038,0.4854,120
47,10,1.042,ID anchor (abrupt edge),Baseline Fixed,0.0,0.434,0.434,0.0,1.0,0.0,0.0,0.125,0.1075,0.0175,0.0176,0.4066,120
47,10,1.042,ID anchor (abrupt edge),Baseline+MHEG,0.0333,0.5316,0.8649,66.89,0.3311,0.2031,0.3856,0.2222,0.1178,0.0175,0.0176,0.4066,120
47,10,1.042,ID anchor (abrupt edge),AF-TOI Fixed,0.0,0.5842,0.5842,0.0,1.0,0.0,0.0,0.7817,0.1804,0.0037,0.0038,0.4479,120
47,10,1.042,ID anchor (abrupt edge),AF-TOI+MHEG,0.0,0.6024,0.6024,50.2,0.498,0.0797,0.3008,0.7817,0.1829,0.0037,0.0038,0.4479,120
47,14,1.458,interpolation OOD,Baseline Fixed,0.0,0.3516,0.3516,0.0,1.0,0.0,0.0,0.1395,0.0997,0.0175,0.0176,0.3781,120
47,14,1.458,interpolation OOD,Baseline+MHEG,0.0,0.4054,0.4054,65.18,0.3482,0.2528,0.4212,0.2609,0.1297,0.0175,0.0176,0.3781,120
47,14,1.458,interpolation OOD,AF-TOI Fixed,0.0,0.6059,0.6059,0.0,1.0,0.0,0.0,0.794,0.175,0.0037,0.0038,0.3919,120
47,14,1.458,interpolation OOD,AF-TOI+MHEG,0.0,0.6302,0.6302,49.85,0.5015,0.0986,0.2848,0.794,0.1774,0.0037,0.0038,0.3919,120
47,18,1.875,interpolation OOD,Baseline Fixed,0.0,0.3073,0.3073,0.0,1.0,0.0,0.0,0.1955,0.0764,0.0175,0.0176,0.3571,120
47,18,1.875,interpolation OOD,Baseline+MHEG,0.0,0.3793,0.3793,64.23,0.3577,0.2458,0.4205,0.2979,0.1072,0.0175,0.0176,0.3571,120
47,18,1.875,interpolation OOD,AF-TOI Fixed,0.0,0.5625,0.5625,0.0,1.0,0.0,0.0,0.8293,0.1361,0.0037,0.0038,0.3755,120
47,18,1.875,interpolation OOD,AF-TOI+MHEG,0.0,0.5738,0.5738,49.6,0.504,0.0792,0.2265,0.8293,0.1379,0.0037,0.0038,0.3755,120
47,22,2.292,interpolation OOD,Baseline Fixed,0.0,0.2352,0.2352,0.0,1.0,0.0,0.0,0.3893,0.0521,0.0175,0.0176,0.3434,120
47,22,2.292,interpolation OOD,Baseline+MHEG,0.0,0.3498,0.3498,63.64,0.3636,0.2772,0.45,0.4713,0.083,0.0175,0.0176,0.3434,120
47,22,2.292,interpolation OOD,AF-TOI Fixed,0.0,0.4444,0.4444,0.0,1.0,0.0,0.0,0.7879,0.0961,0.0037,0.0038,0.3707,120
47,22,2.292,interpolation OOD,AF-TOI+MHEG,0.0,0.4627,0.4627,49.65,0.5035,0.0856,0.2098,0.7879,0.0992,0.0037,0.0038,0.3707,120
47,31,3.229,ID anchor (progressive),Baseline Fixed,0.0,0.1684,0.1684,0.0,1.0,0.0,0.0,0.75,0.0206,0.0175,0.0175,0.3192,120
47,31,3.229,ID anchor (progressive),Baseline+MHEG,0.0,0.3003,0.3003,61.96,0.3804,0.2181,0.3803,0.7755,0.0447,0.0175,0.0175,0.3192,120
47,31,3.229,ID anchor (progressive),AF-TOI Fixed,0.0,0.2535,0.2535,0.0,1.0,0.0,0.0,0.6667,0.0623,0.0037,0.0038,0.3477,120
47,31,3.229,ID anchor (progressive),AF-TOI+MHEG,0.0,0.2839,0.2839,51.36,0.4864,0.0542,0.1364,0.6667,0.0677,0.0037,0.0038,0.3477,120
47,42,4.375,extrapolation-slow OOD,Baseline Fixed,0.0,0.3125,0.3125,0.0,1.0,0.0,0.0,0.914,0.0427,0.0175,0.0175,0.3059,120
47,42,4.375,extrapolation-slow OOD,Baseline+MHEG,0.0,0.3941,0.3941,59.32,0.4068,0.1243,0.3159,0.914,0.0445,0.0175,0.0175,0.3059,120
47,42,4.375,extrapolation-slow OOD,AF-TOI Fixed,0.0,0.2127,0.2127,0.0,1.0,0.0,0.0,0.75,0.0869,0.0037,0.0038,0.3379,120
47,42,4.375,extrapolation-slow OOD,AF-TOI+MHEG,0.0,0.23,0.23,52.64,0.4736,0.0319,0.075,0.75,0.0904,0.0037,0.0038,0.3379,120
47,50,5.208,extrapolation-slow OOD,Baseline Fixed,0.0,0.3385,0.3385,0.0,1.0,0.0,0.0,1.0,0.0672,0.0175,0.0175,0.3006,120
47,50,5.208,extrapolation-slow OOD,Baseline+MHEG,0.0,0.4375,0.4375,59.72,0.4028,0.1333,0.3568,1.0,0.0722,0.0175,0.0175,0.3006,120
47,50,5.208,extrapolation-slow OOD,AF-TOI Fixed,0.0,0.1571,0.1571,0.0,1.0,0.0,0.0,0.8293,0.1246,0.0037,0.0038,0.3347,120
47,50,5.208,extrapolation-slow OOD,AF-TOI+MHEG,0.0,0.171,0.171,54.09,0.4591,0.025,0.0424,0.8293,0.1285,0.0037,0.0038,0.3347,120
48,2,0.208,extrapolation-fast OOD,Baseline Fixed,0.0588,1.0965,1.6848,0.0,1.0,0.0,0.0,0.0,0.1112,0.0074,0.0074,0.2032,119
48,2,0.208,extrapolation-fast OOD,Baseline+MHEG,0.1597,1.2021,2.7987,70.77,0.2923,0.0964,0.4507,0.0,0.0937,0.0074,0.0074,0.2032,119
48,2,0.208,extrapolation-fast OOD,AF-TOI Fixed,0.0,0.6408,0.6408,0.0,1.0,0.0,0.0,0.1679,0.1382,0.0034,0.0034,0.3829,119
48,2,0.208,extrapolation-fast OOD,AF-TOI+MHEG,0.0,0.6408,0.6408,51.4,0.486,0.0686,0.4102,0.1679,0.1382,0.0034,0.0034,0.3829,119
48,6,0.625,ID anchor (abrupt),Baseline Fixed,0.0,0.8889,0.8889,0.0,1.0,0.0,0.0,0.0645,0.1242,0.0074,0.0074,0.2148,120
48,6,0.625,ID anchor (abrupt),Baseline+MHEG,0.075,0.9563,1.7063,64.59,0.3541,0.1131,0.4061,0.0645,0.1112,0.0074,0.0074,0.2148,120
48,6,0.625,ID anchor (abrupt),AF-TOI Fixed,0.0,0.6554,0.6554,0.0,1.0,0.0,0.0,0.1538,0.1137,0.0034,0.0034,0.3631,120
48,6,0.625,ID anchor (abrupt),AF-TOI+MHEG,0.0,0.6762,0.6762,51.25,0.4875,0.0229,0.3333,0.1538,0.114,0.0034,0.0034,0.3631,120
48,10,1.042,ID anchor (abrupt edge),Baseline Fixed,0.0,0.6753,0.6753,0.0,1.0,0.0,0.0,0.1395,0.1326,0.0074,0.0074,0.1784,120
48,10,1.042,ID anchor (abrupt edge),Baseline+MHEG,0.0,0.6997,0.6997,59.1,0.409,0.2311,0.4227,0.1395,0.1339,0.0074,0.0074,0.1784,120
48,10,1.042,ID anchor (abrupt edge),AF-TOI Fixed,0.0,0.6016,0.6016,0.0,1.0,0.0,0.0,0.1955,0.1052,0.0034,0.0034,0.3656,120
48,10,1.042,ID anchor (abrupt edge),AF-TOI+MHEG,0.0,0.6094,0.6094,51.24,0.4876,0.0364,0.2735,0.1955,0.1056,0.0034,0.0034,0.3656,120
48,14,1.458,interpolation OOD,Baseline Fixed,0.0,0.4844,0.4844,0.0,1.0,0.0,0.0,0.1818,0.1284,0.0074,0.0074,0.1609,120
48,14,1.458,interpolation OOD,Baseline+MHEG,0.0,0.5122,0.5122,57.83,0.4217,0.2417,0.4364,0.1818,0.1283,0.0074,0.0074,0.1609,120
48,14,1.458,interpolation OOD,AF-TOI Fixed,0.0,0.5694,0.5694,0.0,1.0,0.0,0.0,0.1818,0.1078,0.0034,0.0034,0.3462,120
48,14,1.458,interpolation OOD,AF-TOI+MHEG,0.0,0.5781,0.5781,51.4,0.486,0.0514,0.2356,0.1818,0.1079,0.0034,0.0034,0.3462,120
48,18,1.875,interpolation OOD,Baseline Fixed,0.0,0.4071,0.4071,0.0,1.0,0.0,0.0,0.1818,0.1032,0.0074,0.0074,0.1482,120
48,18,1.875,interpolation OOD,Baseline+MHEG,0.0,0.447,0.447,57.16,0.4284,0.2625,0.4447,0.1818,0.1038,0.0074,0.0074,0.1482,120
48,18,1.875,interpolation OOD,AF-TOI Fixed,0.0,0.4774,0.4774,0.0,1.0,0.0,0.0,0.1679,0.1048,0.0034,0.0034,0.3415,120
48,18,1.875,interpolation OOD,AF-TOI+MHEG,0.0,0.4896,0.4896,51.36,0.4864,0.05,0.1871,0.1679,0.1063,0.0034,0.0034,0.3415,120
48,22,2.292,interpolation OOD,Baseline Fixed,0.0,0.3576,0.3576,0.0,1.0,0.0,0.0,0.3217,0.0654,0.0074,0.0074,0.1401,120
48,22,2.292,interpolation OOD,Baseline+MHEG,0.0,0.4991,0.4991,59.44,0.4056,0.3222,0.4659,0.3784,0.0814,0.0074,0.0074,0.1401,120
48,22,2.292,interpolation OOD,AF-TOI Fixed,0.0,0.4132,0.4132,0.0,1.0,0.0,0.0,0.1395,0.1013,0.0034,0.0034,0.33,120
48,22,2.292,interpolation OOD,AF-TOI+MHEG,0.0,0.4731,0.4731,51.87,0.4813,0.0611,0.1644,0.1395,0.1074,0.0034,0.0034,0.33,120
48,31,3.229,ID anchor (progressive),Baseline Fixed,0.0083,0.2504,0.3337,0.0,1.0,0.0,0.0,0.6441,0.0397,0.0074,0.0074,0.131,120
48,31,3.229,ID anchor (progressive),Baseline+MHEG,0.0083,0.3431,0.4265,58.48,0.4152,0.2533,0.3356,0.6517,0.0464,0.0074,0.0074,0.131,120
48,31,3.229,ID anchor (progressive),AF-TOI Fixed,0.0,0.3628,0.3628,0.0,1.0,0.0,0.0,0.2353,0.0993,0.0034,0.0034,0.2943,120
48,31,3.229,ID anchor (progressive),AF-TOI+MHEG,0.0,0.3924,0.3924,52.32,0.4768,0.0528,0.103,0.2353,0.105,0.0034,0.0034,0.2943,120
48,42,4.375,extrapolation-slow OOD,Baseline Fixed,0.05,0.2257,0.7257,0.0,1.0,0.0,0.0,0.8732,0.0649,0.0074,0.0074,0.1259,120
48,42,4.375,extrapolation-slow OOD,Baseline+MHEG,0.05,0.4075,0.9075,59.18,0.4082,0.2333,0.2811,0.8679,0.0742,0.0074,0.0074,0.1259,120
48,42,4.375,extrapolation-slow OOD,AF-TOI Fixed,0.0,0.3082,0.3082,0.0,1.0,0.0,0.0,0.6286,0.1164,0.0034,0.0034,0.2765,120
48,42,4.375,extrapolation-slow OOD,AF-TOI+MHEG,0.0,0.3845,0.3845,54.11,0.4589,0.0681,0.0886,0.6286,0.1256,0.0034,0.0034,0.2765,120
48,50,5.208,extrapolation-slow OOD,Baseline Fixed,0.1083,0.1694,1.2527,0.0,1.0,0.0,0.0,0.9189,0.1197,0.0074,0.0074,0.1235,120
48,50,5.208,extrapolation-slow OOD,Baseline+MHEG,0.1,0.2951,1.2951,61.15,0.3885,0.1993,0.2583,0.9238,0.1219,0.0074,0.0074,0.1235,120
48,50,5.208,extrapolation-slow OOD,AF-TOI Fixed,0.0,0.2674,0.2674,0.0,1.0,0.0,0.0,0.7302,0.1436,0.0034,0.0034,0.2711,120
48,50,5.208,extrapolation-slow OOD,AF-TOI+MHEG,0.0,0.342,0.342,54.66,0.4534,0.05,0.0621,0.7302,0.1517,0.0034,0.0034,0.2711,120
49,2,0.208,extrapolation-fast OOD,Baseline Fixed,0.1186,1.3371,2.5236,0.0,1.0,0.0,0.0,0.0,0.1155,0.006,0.006,0.162,118
49,2,0.208,extrapolation-fast OOD,Baseline+MHEG,0.2034,1.5259,3.5598,69.94,0.3006,0.1404,0.4977,0.0,0.0995,0.006,0.006,0.162,118
49,2,0.208,extrapolation-fast OOD,AF-TOI Fixed,0.0,0.4573,0.4573,0.0,1.0,0.0,0.0,0.8119,0.244,0.0023,0.0023,0.3103,118
49,2,0.208,extrapolation-fast OOD,AF-TOI+MHEG,0.0169,0.7579,0.9274,50.0,0.5,0.1328,0.4492,0.8,0.2256,0.0023,0.0023,0.3103,118
49,6,0.625,ID anchor (abrupt),Baseline Fixed,0.0333,0.9986,1.3319,0.0,1.0,0.0,0.0,0.1395,0.1225,0.006,0.006,0.1772,120
49,6,0.625,ID anchor (abrupt),Baseline+MHEG,0.1,1.1854,2.1854,65.12,0.3488,0.2414,0.4636,0.1395,0.111,0.006,0.006,0.1772,120
49,6,0.625,ID anchor (abrupt),AF-TOI Fixed,0.0,0.349,0.349,0.0,1.0,0.0,0.0,0.806,0.2021,0.0023,0.0023,0.3011,120
49,6,0.625,ID anchor (abrupt),AF-TOI+MHEG,0.0167,0.4961,0.6628,48.01,0.5199,0.1107,0.3735,0.794,0.1943,0.0023,0.0023,0.3011,120
49,10,1.042,ID anchor (abrupt edge),Baseline Fixed,0.0083,0.7607,0.844,0.0,1.0,0.0,0.0,0.1679,0.1361,0.006,0.006,0.1557,120
49,10,1.042,ID anchor (abrupt edge),Baseline+MHEG,0.0083,0.8797,0.9631,60.96,0.3904,0.3994,0.5348,0.1679,0.1371,0.006,0.006,0.1557,120
49,10,1.042,ID anchor (abrupt edge),AF-TOI Fixed,0.0,0.3003,0.3003,0.0,1.0,0.0,0.0,0.7755,0.2155,0.0023,0.0023,0.305,120
49,10,1.042,ID anchor (abrupt edge),AF-TOI+MHEG,0.0083,0.3992,0.4825,47.42,0.5258,0.1744,0.3545,0.7692,0.2119,0.0023,0.0023,0.305,120
49,14,1.458,interpolation OOD,Baseline Fixed,0.0083,0.5891,0.6724,0.0,1.0,0.0,0.0,0.1818,0.1295,0.006,0.006,0.1466,120
49,14,1.458,interpolation OOD,Baseline+MHEG,0.0083,0.688,0.7714,59.58,0.4042,0.4292,0.5477,0.1818,0.1367,0.006,0.006,0.1466,120
49,14,1.458,interpolation OOD,AF-TOI Fixed,0.0,0.4036,0.4036,0.0,1.0,0.0,0.0,0.75,0.2056,0.0023,0.0023,0.3046,120
49,14,1.458,interpolation OOD,AF-TOI+MHEG,0.0,0.5278,0.5278,48.12,0.5188,0.225,0.3462,0.75,0.2094,0.0023,0.0023,0.3046,120
49,18,1.875,interpolation OOD,Baseline Fixed,0.0,0.4931,0.4931,0.0,1.0,0.0,0.0,0.2353,0.1056,0.006,0.006,0.1369,120
49,18,1.875,interpolation OOD,Baseline+MHEG,0.0,0.572,0.572,58.45,0.4155,0.3903,0.5212,0.2482,0.1139,0.006,0.006,0.1369,120
49,18,1.875,interpolation OOD,AF-TOI Fixed,0.0,0.3516,0.3516,0.0,1.0,0.0,0.0,0.7166,0.165,0.0023,0.0023,0.305,120
49,18,1.875,interpolation OOD,AF-TOI+MHEG,0.0,0.4358,0.4358,48.54,0.5146,0.1694,0.3015,0.7166,0.1672,0.0023,0.0023,0.305,120
49,22,2.292,interpolation OOD,Baseline Fixed,0.0,0.4332,0.4332,0.0,1.0,0.0,0.0,0.3784,0.0734,0.006,0.006,0.1301,120
49,22,2.292,interpolation OOD,Baseline+MHEG,0.0,0.5304,0.5304,57.53,0.4247,0.3847,0.5023,0.3893,0.0823,0.006,0.006,0.1301,120
49,22,2.292,interpolation OOD,AF-TOI Fixed,0.0,0.3082,0.3082,0.0,1.0,0.0,0.0,0.6813,0.1215,0.0023,0.0023,0.3051,120
49,22,2.292,interpolation OOD,AF-TOI+MHEG,0.0,0.4184,0.4184,48.94,0.5106,0.1472,0.2803,0.6813,0.1238,0.0023,0.0023,0.3051,120
49,31,3.229,ID anchor (progressive),Baseline Fixed,0.0083,0.3107,0.3941,0.0,1.0,0.0,0.0,0.674,0.0516,0.006,0.006,0.1178,120
49,31,3.229,ID anchor (progressive),Baseline+MHEG,0.0083,0.4359,0.5193,57.99,0.4201,0.3368,0.425,0.674,0.0594,0.006,0.006,0.1178,120
49,31,3.229,ID anchor (progressive),AF-TOI Fixed,0.0,0.1658,0.1658,0.0,1.0,0.0,0.0,0.6813,0.0803,0.0023,0.0023,0.3054,120
49,31,3.229,ID anchor (progressive),AF-TOI+MHEG,0.0,0.2665,0.2665,50.21,0.4979,0.1556,0.2061,0.6813,0.0829,0.0023,0.0023,0.3054,120
49,42,4.375,extrapolation-slow OOD,Baseline Fixed,0.0167,0.3593,0.526,0.0,1.0,0.0,0.0,0.8571,0.0827,0.006,0.006,0.1077,120
49,42,4.375,extrapolation-slow OOD,Baseline+MHEG,0.0333,0.4912,0.8245,58.44,0.4156,0.2347,0.3045,0.8517,0.0946,0.006,0.006,0.1077,120
49,42,4.375,extrapolation-slow OOD,AF-TOI Fixed,0.0,0.1424,0.1424,0.0,1.0,0.0,0.0,0.7817,0.1019,0.0023,0.0023,0.3054,120
49,42,4.375,extrapolation-slow OOD,AF-TOI+MHEG,0.0083,0.2407,0.3241,51.57,0.4843,0.1333,0.1614,0.7755,0.1057,0.0023,0.0023,0.3054,120
49,50,5.208,extrapolation-slow OOD,Baseline Fixed,0.075,0.4983,1.2483,0.0,1.0,0.0,0.0,0.9286,0.1217,0.006,0.006,0.103,120
49,50,5.208,extrapolation-slow OOD,Baseline+MHEG,0.075,0.6241,1.3741,60.44,0.3956,0.2167,0.2773,0.9238,0.1308,0.006,0.006,0.103,120
49,50,5.208,extrapolation-slow OOD,AF-TOI Fixed,0.0,0.072,0.072,0.0,1.0,0.0,0.0,0.8293,0.1248,0.0023,0.0023,0.305,120
49,50,5.208,extrapolation-slow OOD,AF-TOI+MHEG,0.0,0.1797,0.1797,52.0,0.48,0.1042,0.1447,0.8293,0.1233,0.0023,0.0023,0.305,120
50,2,0.208,extrapolation-fast OOD,Baseline Fixed,0.0,0.6005,0.6005,0.0,1.0,0.0,0.0,0.0,0.0761,0.0282,0.0261,0.3622,119
50,2,0.208,extrapolation-fast OOD,Baseline+MHEG,0.0084,0.6894,0.7735,65.4,0.346,0.0765,0.385,0.0,0.0681,0.0282,0.0261,0.3622,119
50,2,0.208,extrapolation-fast OOD,AF-TOI Fixed,0.0,1.4627,1.4627,0.0,1.0,0.0,0.0,0.2609,0.2248,0.0036,0.0037,0.1231,119
50,2,0.208,extrapolation-fast OOD,AF-TOI+MHEG,0.0084,1.8247,1.9087,54.79,0.4521,0.1741,0.5225,0.3217,0.2114,0.0036,0.0037,0.1231,119
50,6,0.625,ID anchor (abrupt),Baseline Fixed,0.0083,0.7484,0.8318,0.0,1.0,0.0,0.0,0.0488,0.0797,0.0281,0.0261,0.4362,120
50,6,0.625,ID anchor (abrupt),Baseline+MHEG,0.025,0.8707,1.1207,60.64,0.3936,0.0601,0.3152,0.0488,0.0779,0.0281,0.0261,0.4362,120
50,6,0.625,ID anchor (abrupt),AF-TOI Fixed,0.0,1.2005,1.2005,0.0,1.0,0.0,0.0,0.2857,0.1995,0.0036,0.0036,0.1364,120
50,6,0.625,ID anchor (abrupt),AF-TOI+MHEG,0.0083,1.5117,1.5951,52.93,0.4707,0.3453,0.5053,0.3448,0.1905,0.0036,0.0036,0.1364,120
50,10,1.042,ID anchor (abrupt edge),Baseline Fixed,0.0083,0.7642,0.8475,0.0,1.0,0.0,0.0,0.125,0.1065,0.0281,0.0261,0.3645,120
50,10,1.042,ID anchor (abrupt edge),Baseline+MHEG,0.0083,0.8351,0.9184,58.28,0.4172,0.1383,0.3258,0.125,0.1056,0.0281,0.0261,0.3645,120
50,10,1.042,ID anchor (abrupt edge),AF-TOI Fixed,0.0,1.0998,1.0998,0.0,1.0,0.0,0.0,0.3562,0.2049,0.0036,0.0036,0.129,120
50,10,1.042,ID anchor (abrupt edge),AF-TOI+MHEG,0.0,1.3411,1.3411,52.18,0.4782,0.4839,0.5674,0.4106,0.2012,0.0036,0.0036,0.129,120
50,14,1.458,interpolation OOD,Baseline Fixed,0.0,0.513,0.513,0.0,1.0,0.0,0.0,0.125,0.1081,0.0281,0.0261,0.3,120
50,14,1.458,interpolation OOD,Baseline+MHEG,0.0,0.5165,0.5165,55.45,0.4455,0.1625,0.3295,0.125,0.1088,0.0281,0.0261,0.3,120
50,14,1.458,interpolation OOD,AF-TOI Fixed,0.0,0.9115,0.9115,0.0,1.0,0.0,0.0,0.4106,0.1926,0.0036,0.0036,0.1205,120
50,14,1.458,interpolation OOD,AF-TOI+MHEG,0.0,1.0885,1.0885,52.25,0.4775,0.5153,0.5659,0.4615,0.1987,0.0036,0.0036,0.1205,120
50,18,1.875,interpolation OOD,Baseline Fixed,0.0,0.4774,0.4774,0.0,1.0,0.0,0.0,0.1102,0.0897,0.0281,0.0261,0.2729,120
50,18,1.875,interpolation OOD,Baseline+MHEG,0.0,0.4991,0.4991,54.6,0.454,0.2,0.3538,0.1102,0.0916,0.0281,0.0261,0.2729,120
50,18,1.875,interpolation OOD,AF-TOI Fixed,0.0,0.8012,0.8012,0.0,1.0,0.0,0.0,0.4314,0.1503,0.0036,0.0036,0.111,120
50,18,1.875,interpolation OOD,AF-TOI+MHEG,0.0,0.9774,0.9774,53.18,0.4682,0.5194,0.5932,0.481,0.1667,0.0036,0.0036,0.111,120
50,22,2.292,interpolation OOD,Baseline Fixed,0.0,0.4175,0.4175,0.0,1.0,0.0,0.0,0.2482,0.0709,0.0281,0.0261,0.2574,120
50,22,2.292,interpolation OOD,Baseline+MHEG,0.0,0.4392,0.4392,53.82,0.4618,0.2111,0.3212,0.2482,0.0732,0.0281,0.0261,0.2574,120
50,22,2.292,interpolation OOD,AF-TOI Fixed,0.0,0.6398,0.6398,0.0,1.0,0.0,0.0,0.5093,0.1266,0.0036,0.0036,0.1065,120
50,22,2.292,interpolation OOD,AF-TOI+MHEG,0.0,0.8186,0.8186,53.81,0.4619,0.5042,0.5818,0.5542,0.1442,0.0036,0.0036,0.1065,120
50,31,3.229,ID anchor (progressive),Baseline Fixed,0.0083,0.3037,0.3871,0.0,1.0,0.0,0.0,0.6286,0.0531,0.0282,0.0261,0.2355,120
50,31,3.229,ID anchor (progressive),Baseline+MHEG,0.0083,0.3808,0.4641,54.33,0.4567,0.2322,0.2977,0.6286,0.0595,0.0282,0.0261,0.2355,120
50,31,3.229,ID anchor (progressive),AF-TOI Fixed,0.0,0.3576,0.3576,0.0,1.0,0.0,0.0,0.5799,0.091,0.0036,0.0036,0.1007,120
50,31,3.229,ID anchor (progressive),AF-TOI+MHEG,0.0,0.5278,0.5278,54.8,0.452,0.4017,0.4924,0.6127,0.1078,0.0036,0.0036,0.1007,120
50,42,4.375,extrapolation-slow OOD,Baseline Fixed,0.0167,0.2913,0.458,0.0,1.0,0.0,0.0,0.8679,0.0461,0.0271,0.0261,0.2236,120
50,42,4.375,extrapolation-slow OOD,Baseline+MHEG,0.0167,0.3169,0.4836,51.46,0.4854,0.1431,0.2076,0.8679,0.0508,0.0271,0.0261,0.2236,120
50,42,4.375,extrapolation-slow OOD,AF-TOI Fixed,0.0,0.2214,0.2214,0.0,1.0,0.0,0.0,0.5882,0.114,0.0036,0.0036,0.0979,120
50,42,4.375,extrapolation-slow OOD,AF-TOI+MHEG,0.0,0.3368,0.3368,54.83,0.4517,0.2542,0.3341,0.5882,0.1203,0.0036,0.0036,0.0979,120
50,50,5.208,extrapolation-slow OOD,Baseline Fixed,0.0583,0.4563,1.0396,0.0,1.0,0.0,0.0,0.9333,0.0857,0.028,0.026,0.2225,120
50,50,5.208,extrapolation-slow OOD,Baseline+MHEG,0.0583,0.4858,1.0691,52.72,0.4728,0.1583,0.1917,0.9333,0.0908,0.028,0.026,0.2225,120
50,50,5.208,extrapolation-slow OOD,AF-TOI Fixed,0.0,0.151,0.151,0.0,1.0,0.0,0.0,0.6813,0.1462,0.0036,0.0036,0.0967,120
50,50,5.208,extrapolation-slow OOD,AF-TOI+MHEG,0.0,0.2535,0.2535,55.23,0.4477,0.2125,0.3015,0.6813,0.1496,0.0036,0.0036,0.0967,120
51,2,0.208,extrapolation-fast OOD,Baseline Fixed,0.0,0.452,0.452,0.0,1.0,0.0,0.0,0.0165,0.121,0.0126,0.0132,0.3104,118
51,2,0.208,extrapolation-fast OOD,Baseline+MHEG,0.0,0.4811,0.4811,56.81,0.4319,0.0579,0.3529,0.0328,0.1288,0.0126,0.0132,0.3104,118
51,2,0.208,extrapolation-fast OOD,AF-TOI Fixed,0.0,0.3628,0.3628,0.0,1.0,0.0,0.0,0.08,0.1908,0.0012,0.0012,0.2089,118
51,2,0.208,extrapolation-fast OOD,AF-TOI+MHEG,0.0,0.4573,0.4573,50.2,0.498,0.0754,0.3968,0.08,0.1934,0.0012,0.0012,0.2089,118
51,6,0.625,ID anchor (abrupt),Baseline Fixed,0.0,0.3229,0.3229,0.0,1.0,0.0,0.0,0.1102,0.1075,0.0126,0.0132,0.3746,120
51,6,0.625,ID anchor (abrupt),Baseline+MHEG,0.0,0.3863,0.3863,55.26,0.4474,0.0838,0.3152,0.125,0.1135,0.0126,0.0132,0.3746,120
51,6,0.625,ID anchor (abrupt),AF-TOI Fixed,0.0,0.1441,0.1441,0.0,1.0,0.0,0.0,0.08,0.1681,0.0012,0.0012,0.2199,120
51,6,0.625,ID anchor (abrupt),AF-TOI+MHEG,0.0,0.1892,0.1892,47.19,0.5281,0.0956,0.3508,0.08,0.1694,0.0012,0.0012,0.2199,120
51,10,1.042,ID anchor (abrupt edge),Baseline Fixed,0.0,0.4644,0.4644,0.0,1.0,0.0,0.0,0.1538,0.1189,0.0125,0.0131,0.3891,120
51,10,1.042,ID anchor (abrupt edge),Baseline+MHEG,0.0,0.5434,0.5434,53.93,0.4607,0.1411,0.2811,0.1679,0.1258,0.0125,0.0131,0.3891,120
51,10,1.042,ID anchor (abrupt edge),AF-TOI Fixed,0.0,0.1398,0.1398,0.0,1.0,0.0,0.0,0.125,0.1494,0.0012,0.0012,0.2213,120
51,10,1.042,ID anchor (abrupt edge),AF-TOI+MHEG,0.0,0.1658,0.1658,45.06,0.5494,0.085,0.3273,0.125,0.1537,0.0012,0.0012,0.2213,120
51,14,1.458,interpolation OOD,Baseline Fixed,0.0,0.322,0.322,0.0,1.0,0.0,0.0,0.209,0.111,0.0125,0.0131,0.3846,120
51,14,1.458,interpolation OOD,Baseline+MHEG,0.0,0.3628,0.3628,53.17,0.4683,0.1681,0.2917,0.2222,0.124,0.0125,0.0131,0.3846,120
51,14,1.458,interpolation OOD,AF-TOI Fixed,0.0,0.1293,0.1293,0.0,1.0,0.0,0.0,0.1395,0.1482,0.0012,0.0012,0.2172,120
51,14,1.458,interpolation OOD,AF-TOI+MHEG,0.0,0.1467,0.1467,44.45,0.5555,0.0722,0.3674,0.1395,0.1513,0.0012,0.0012,0.2172,120
51,18,1.875,interpolation OOD,Baseline Fixed,0.0,0.2656,0.2656,0.0,1.0,0.0,0.0,0.1679,0.0835,0.0125,0.0131,0.3688,120
51,18,1.875,interpolation OOD,Baseline+MHEG,0.0,0.2925,0.2925,52.34,0.4766,0.1722,0.3083,0.1818,0.0988,0.0125,0.0131,0.3688,120
51,18,1.875,interpolation OOD,AF-TOI Fixed,0.0,0.158,0.158,0.0,1.0,0.0,0.0,0.1395,0.1423,0.0012,0.0012,0.2163,120
51,18,1.875,interpolation OOD,AF-TOI+MHEG,0.0,0.1693,0.1693,44.16,0.5584,0.0722,0.3689,0.1395,0.1501,0.0012,0.0012,0.2163,120
51,22,2.292,interpolation OOD,Baseline Fixed,0.0,0.2109,0.2109,0.0,1.0,0.0,0.0,0.2979,0.0557,0.0125,0.0131,0.3334,120
51,22,2.292,interpolation OOD,Baseline+MHEG,0.0,0.2639,0.2639,52.38,0.4762,0.1903,0.35,0.3217,0.0683,0.0125,0.0131,0.3334,120
51,22,2.292,interpolation OOD,AF-TOI Fixed,0.0,0.1493,0.1493,0.0,1.0,0.0,0.0,0.1955,0.1295,0.0012,0.0012,0.2157,120
51,22,2.292,interpolation OOD,AF-TOI+MHEG,0.0,0.1753,0.1753,44.58,0.5542,0.0778,0.3909,0.1395,0.1371,0.0012,0.0012,0.2157,120
51,31,3.229,ID anchor (progressive),Baseline Fixed,0.0083,0.253,0.3363,0.0,1.0,0.0,0.0,0.5366,0.0334,0.0124,0.013,0.2914,120
51,31,3.229,ID anchor (progressive),Baseline+MHEG,0.0083,0.2845,0.3678,53.12,0.4688,0.1875,0.3848,0.5455,0.036,0.0124,0.013,0.2914,120
51,31,3.229,ID anchor (progressive),AF-TOI Fixed,0.0,0.1111,0.1111,0.0,1.0,0.0,0.0,0.3333,0.141,0.0012,0.0012,0.2141,120
51,31,3.229,ID anchor (progressive),AF-TOI+MHEG,0.0,0.1111,0.1111,45.39,0.5461,0.0653,0.3939,0.3099,0.1441,0.0012,0.0012,0.2141,120
51,42,4.375,extrapolation-slow OOD,Baseline Fixed,0.0083,0.2941,0.3775,0.0,1.0,0.0,0.0,0.8119,0.0545,0.0124,0.0129,0.2738,120
51,42,4.375,extrapolation-slow OOD,Baseline+MHEG,0.0083,0.3204,0.4037,53.14,0.4686,0.1792,0.4644,0.835,0.057,0.0124,0.0129,0.2738,120
51,42,4.375,extrapolation-slow OOD,AF-TOI Fixed,0.0,0.1337,0.1337,0.0,1.0,0.0,0.0,0.6286,0.1753,0.0012,0.0012,0.2136,120
51,42,4.375,extrapolation-slow OOD,AF-TOI+MHEG,0.0,0.138,0.138,47.41,0.5259,0.0972,0.428,0.6207,0.1803,0.0012,0.0012,0.2136,120
51,50,5.208,extrapolation-slow OOD,Baseline Fixed,0.0167,0.5014,0.6681,0.0,1.0,0.0,0.0,0.9041,0.0989,0.0124,0.013,0.2688,120
51,50,5.208,extrapolation-slow OOD,Baseline+MHEG,0.0167,0.5473,0.714,53.16,0.4684,0.1722,0.4909,0.9041,0.0994,0.0124,0.013,0.2688,120
51,50,5.208,extrapolation-slow OOD,AF-TOI Fixed,0.0,0.0955,0.0955,0.0,1.0,0.0,0.0,0.6441,0.2113,0.0012,0.0012,0.2136,120
51,50,5.208,extrapolation-slow OOD,AF-TOI+MHEG,0.0,0.1111,0.1111,47.14,0.5286,0.0931,0.4606,0.6364,0.2135,0.0012,0.0012,0.2136,120
52,2,0.208,extrapolation-fast OOD,Baseline Fixed,0.1429,1.4818,2.9104,0.0,1.0,0.0,0.0,0.0328,0.1104,0.0051,0.0052,0.1074,119
52,2,0.208,extrapolation-fast OOD,Baseline+MHEG,0.1681,1.6246,3.3053,50.29,0.4971,0.0934,0.3316,0.0488,0.1099,0.0051,0.0052,0.1074,119
52,2,0.208,extrapolation-fast OOD,AF-TOI Fixed,0.0,0.4499,0.4499,0.0,1.0,0.0,0.0,0.3217,0.1252,0.0021,0.0022,0.4348,119
52,2,0.208,extrapolation-fast OOD,AF-TOI+MHEG,0.0,0.5051,0.5051,47.92,0.5208,0.0357,0.2765,0.3217,0.1204,0.0021,0.0022,0.4348,119
52,6,0.625,ID anchor (abrupt),Baseline Fixed,0.025,1.1351,1.3851,0.0,1.0,0.0,0.0,0.0488,0.1231,0.0051,0.0052,0.1628,120
52,6,0.625,ID anchor (abrupt),Baseline+MHEG,0.025,1.266,1.516,48.41,0.5159,0.1844,0.2977,0.0645,0.1248,0.0051,0.0052,0.1628,120
52,6,0.625,ID anchor (abrupt),AF-TOI Fixed,0.0,0.7639,0.7639,0.0,1.0,0.0,0.0,0.3673,0.1168,0.0021,0.0022,0.4421,120
52,6,0.625,ID anchor (abrupt),AF-TOI+MHEG,0.0,0.8203,0.8203,46.07,0.5393,0.0943,0.2477,0.3893,0.1153,0.0021,0.0022,0.4421,120
52,10,1.042,ID anchor (abrupt edge),Baseline Fixed,0.0,0.8455,0.8455,0.0,1.0,0.0,0.0,0.1102,0.1394,0.0051,0.0052,0.1232,120
52,10,1.042,ID anchor (abrupt edge),Baseline+MHEG,0.0,0.9358,0.9358,47.02,0.5298,0.2514,0.3174,0.125,0.1448,0.0051,0.0052,0.1232,120
52,10,1.042,ID anchor (abrupt edge),AF-TOI Fixed,0.0,0.7734,0.7734,0.0,1.0,0.0,0.0,0.3784,0.1393,0.0021,0.0022,0.356,120
52,10,1.042,ID anchor (abrupt edge),AF-TOI+MHEG,0.0,0.8594,0.8594,44.99,0.5501,0.1792,0.2705,0.3784,0.1401,0.0021,0.0022,0.356,120
52,14,1.458,interpolation OOD,Baseline Fixed,0.0,0.6354,0.6354,0.0,1.0,0.0,0.0,0.1395,0.1349,0.0051,0.0052,0.0894,120
52,14,1.458,interpolation OOD,Baseline+MHEG,0.0,0.7049,0.7049,46.36,0.5364,0.2583,0.3197,0.1538,0.1415,0.0051,0.0052,0.0894,120
52,14,1.458,interpolation OOD,AF-TOI Fixed,0.0,0.7309,0.7309,0.0,1.0,0.0,0.0,0.4106,0.1394,0.0021,0.0022,0.3081,120
52,14,1.458,interpolation OOD,AF-TOI+MHEG,0.0,0.8125,0.8125,44.06,0.5594,0.2236,0.2848,0.4211,0.146,0.0021,0.0022,0.3081,120
52,18,1.875,interpolation OOD,Baseline Fixed,0.0,0.4957,0.4957,0.0,1.0,0.0,0.0,0.1395,0.1098,0.0051,0.0052,0.074,120
52,18,1.875,interpolation OOD,Baseline+MHEG,0.0,0.5642,0.5642,45.77,0.5423,0.2375,0.2902,0.1538,0.1196,0.0051,0.0052,0.074,120
52,18,1.875,interpolation OOD,AF-TOI Fixed,0.0,0.6458,0.6458,0.0,1.0,0.0,0.0,0.4211,0.1075,0.0021,0.0022,0.2736,120
52,18,1.875,interpolation OOD,AF-TOI+MHEG,0.0,0.7092,0.7092,43.76,0.5624,0.2389,0.278,0.4314,0.1165,0.0021,0.0022,0.2736,120
52,22,2.292,interpolation OOD,Baseline Fixed,0.0083,0.3817,0.465,0.0,1.0,0.0,0.0,0.4314,0.08,0.0051,0.0052,0.0658,120
52,22,2.292,interpolation OOD,Baseline+MHEG,0.0083,0.4394,0.5228,46.21,0.5379,0.2292,0.3212,0.4416,0.0916,0.0051,0.0052,0.0658,120
52,22,2.292,interpolation OOD,AF-TOI Fixed,0.0,0.5174,0.5174,0.0,1.0,0.0,0.0,0.481,0.0768,0.0021,0.0022,0.2585,120
52,22,2.292,interpolation OOD,AF-TOI+MHEG,0.0,0.5729,0.5729,44.23,0.5577,0.2569,0.3288,0.4906,0.0863,0.0021,0.0022,0.2585,120
52,31,3.229,ID anchor (progressive),Baseline Fixed,0.025,0.2475,0.4975,0.0,1.0,0.0,0.0,0.6207,0.06,0.0051,0.0052,0.0584,120
52,31,3.229,ID anchor (progressive),Baseline+MHEG,0.025,0.2724,0.5224,46.3,0.537,0.15,0.3288,0.6286,0.0634,0.0051,0.0052,0.0584,120
52,31,3.229,ID anchor (progressive),AF-TOI Fixed,0.0,0.2986,0.2986,0.0,1.0,0.0,0.0,0.5366,0.0555,0.0021,0.0022,0.2402,120
52,31,3.229,ID anchor (progressive),AF-TOI+MHEG,0.0,0.349,0.349,45.53,0.5447,0.2028,0.3697,0.5366,0.0587,0.0021,0.0022,0.2402,120
52,42,4.375,extrapolation-slow OOD,Baseline Fixed,0.1167,0.3243,1.491,0.0,1.0,0.0,0.0,0.8,0.1031,0.0051,0.0052,0.0548,120
52,42,4.375,extrapolation-slow OOD,Baseline+MHEG,0.1167,0.342,1.5086,46.19,0.5381,0.1528,0.3682,0.806,0.1035,0.0051,0.0052,0.0548,120
52,42,4.375,extrapolation-slow OOD,AF-TOI Fixed,0.0,0.2361,0.2361,0.0,1.0,0.0,0.0,0.7565,0.0743,0.0021,0.0022,0.2348,120
52,42,4.375,extrapolation-slow OOD,AF-TOI+MHEG,0.0,0.2613,0.2613,45.64,0.5436,0.1542,0.4076,0.7565,0.0719,0.0021,0.0022,0.2348,120
52,50,5.208,extrapolation-slow OOD,Baseline Fixed,0.1667,0.2292,1.8958,0.0,1.0,0.0,0.0,0.8571,0.1379,0.0051,0.0052,0.0532,120
52,50,5.208,extrapolation-slow OOD,Baseline+MHEG,0.1667,0.2562,1.9229,46.12,0.5388,0.1431,0.4038,0.8571,0.1386,0.0051,0.0052,0.0532,120
52,50,5.208,extrapolation-slow OOD,AF-TOI Fixed,0.0,0.2023,0.2023,0.0,1.0,0.0,0.0,0.8293,0.1211,0.0021,0.0022,0.2331,120
52,50,5.208,extrapolation-slow OOD,AF-TOI+MHEG,0.0,0.2283,0.2283,45.01,0.5499,0.1389,0.3985,0.8293,0.1207,0.0021,0.0022,0.2331,120
53,2,0.208,extrapolation-fast OOD,Baseline Fixed,0.25,1.8125,4.3125,0.0,1.0,0.0,0.0,0.0645,0.1423,0.0067,0.0067,0.0404,120
53,2,0.208,extrapolation-fast OOD,Baseline+MHEG,0.2583,2.1699,4.7533,66.3,0.337,0.1631,0.5212,0.0645,0.1332,0.0067,0.0067,0.0404,120
53,2,0.208,extrapolation-fast OOD,AF-TOI Fixed,0.0,0.3872,0.3872,0.0,1.0,0.0,0.0,0.5093,0.1667,0.0034,0.004,0.4659,120
53,2,0.208,extrapolation-fast OOD,AF-TOI+MHEG,0.0,0.408,0.408,40.31,0.5969,0.0514,0.353,0.5093,0.1669,0.0034,0.004,0.4659,120
53,6,0.625,ID anchor (abrupt),Baseline Fixed,0.175,1.5309,3.2809,0.0,1.0,0.0,0.0,0.1538,0.1633,0.0067,0.0067,0.0484,120
53,6,0.625,ID anchor (abrupt),Baseline+MHEG,0.175,1.8582,3.6082,63.6,0.364,0.4064,0.5258,0.1538,0.1571,0.0067,0.0067,0.0484,120
53,6,0.625,ID anchor (abrupt),AF-TOI Fixed,0.0,0.6476,0.6476,0.0,1.0,0.0,0.0,0.4516,0.139,0.0034,0.004,0.4372,120
53,6,0.625,ID anchor (abrupt),AF-TOI+MHEG,0.0,0.6615,0.6615,40.92,0.5908,0.0153,0.2621,0.4516,0.1389,0.0034,0.004,0.4372,120
53,10,1.042,ID anchor (abrupt edge),Baseline Fixed,0.0,1.3056,1.3056,0.0,1.0,0.0,0.0,0.209,0.1832,0.0067,0.0067,0.0389,120
53,10,1.042,ID anchor (abrupt edge),Baseline+MHEG,0.0083,1.4688,1.5522,59.44,0.4056,0.5122,0.5803,0.209,0.1841,0.0067,0.0067,0.0389,120
53,10,1.042,ID anchor (abrupt edge),AF-TOI Fixed,0.0,0.6762,0.6762,0.0,1.0,0.0,0.0,0.4713,0.1407,0.0034,0.004,0.3821,120
53,10,1.042,ID anchor (abrupt edge),AF-TOI+MHEG,0.0,0.678,0.678,41.41,0.5859,0.0158,0.1871,0.4713,0.1413,0.0034,0.004,0.3821,120
53,14,1.458,interpolation OOD,Baseline Fixed,0.0,0.9123,0.9123,0.0,1.0,0.0,0.0,0.1955,0.1817,0.0067,0.0067,0.031,120
53,14,1.458,interpolation OOD,Baseline+MHEG,0.0083,1.0382,1.1215,57.11,0.4289,0.5583,0.6068,0.1955,0.19,0.0067,0.0067,0.031,120
53,14,1.458,interpolation OOD,AF-TOI Fixed,0.0,0.5911,0.5911,0.0,1.0,0.0,0.0,0.4,0.1335,0.0034,0.004,0.3387,120
53,14,1.458,interpolation OOD,AF-TOI+MHEG,0.0,0.5911,0.5911,42.19,0.5781,0.0403,0.1727,0.4,0.1338,0.0034,0.004,0.3387,120
53,18,1.875,interpolation OOD,Baseline Fixed,0.0,0.7613,0.7613,0.0,1.0,0.0,0.0,0.2979,0.1477,0.0067,0.0067,0.0267,120
53,18,1.875,interpolation OOD,Baseline+MHEG,0.0083,0.8596,0.9429,56.44,0.4356,0.5167,0.6,0.2979,0.155,0.0067,0.0067,0.0267,120
53,18,1.875,interpolation OOD,AF-TOI Fixed,0.0,0.4913,0.4913,0.0,1.0,0.0,0.0,0.3562,0.0998,0.0034,0.004,0.3138,120
53,18,1.875,interpolation OOD,AF-TOI+MHEG,0.0,0.4913,0.4913,42.01,0.5799,0.0236,0.1038,0.3562,0.0999,0.0034,0.004,0.3138,120
53,22,2.292,interpolation OOD,Baseline Fixed,0.0,0.5981,0.5981,0.0,1.0,0.0,0.0,0.4,0.1101,0.0067,0.0067,0.0245,120
53,22,2.292,interpolation OOD,Baseline+MHEG,0.0,0.7179,0.7179,56.85,0.4315,0.4722,0.5826,0.4211,0.1202,0.0067,0.0067,0.0245,120
53,22,2.292,interpolation OOD,AF-TOI Fixed,0.0,0.4132,0.4132,0.0,1.0,0.0,0.0,0.3784,0.0649,0.0034,0.004,0.2942,120
53,22,2.292,interpolation OOD,AF-TOI+MHEG,0.0,0.4132,0.4132,42.31,0.5769,0.0194,0.0856,0.3784,0.0652,0.0034,0.004,0.2942,120
53,31,3.229,ID anchor (progressive),Baseline Fixed,0.0,0.434,0.434,0.0,1.0,0.0,0.0,0.6517,0.0578,0.0067,0.0067,0.0226,120
53,31,3.229,ID anchor (progressive),Baseline+MHEG,0.0083,0.5138,0.5972,56.21,0.4379,0.3569,0.4598,0.6517,0.0637,0.0067,0.0067,0.0226,120
53,31,3.229,ID anchor (progressive),AF-TOI Fixed,0.0,0.2465,0.2465,0.0,1.0,0.0,0.0,0.6667,0.0311,0.0034,0.004,0.2719,120
53,31,3.229,ID anchor (progressive),AF-TOI+MHEG,0.0,0.2535,0.2535,43.04,0.5696,0.0264,0.0576,0.6667,0.0324,0.0034,0.004,0.2719,120
53,42,4.375,extrapolation-slow OOD,Baseline Fixed,0.0,0.4045,0.4045,0.0,1.0,0.0,0.0,0.8679,0.0645,0.0067,0.0067,0.0218,120
53,42,4.375,extrapolation-slow OOD,Baseline+MHEG,0.0083,0.4806,0.5639,56.22,0.4378,0.2722,0.3576,0.8679,0.0681,0.0067,0.0067,0.0218,120
53,42,4.375,extrapolation-slow OOD,AF-TOI Fixed,0.0,0.1736,0.1736,0.0,1.0,0.0,0.0,0.8837,0.039,0.0034,0.004,0.2613,120
53,42,4.375,extrapolation-slow OOD,AF-TOI+MHEG,0.0,0.178,0.178,43.66,0.5634,0.0222,0.0371,0.8837,0.0412,0.0034,0.004,0.2613,120
53,50,5.208,extrapolation-slow OOD,Baseline Fixed,0.025,0.3775,0.6275,0.0,1.0,0.0,0.0,0.9238,0.0931,0.0067,0.0067,0.0214,120
53,50,5.208,extrapolation-slow OOD,Baseline+MHEG,0.0333,0.4616,0.7949,56.99,0.4301,0.2403,0.347,0.9238,0.0975,0.0067,0.0067,0.0214,120
53,50,5.208,extrapolation-slow OOD,AF-TOI Fixed,0.0,0.1198,0.1198,0.0,1.0,0.0,0.0,0.9958,0.0639,0.0034,0.004,0.2578,120
53,50,5.208,extrapolation-slow OOD,AF-TOI+MHEG,0.0,0.1207,0.1207,43.38,0.5662,0.0139,0.0189,0.9958,0.0664,0.0034,0.004,0.2578,120
